ID	text	label
amharic_dev_00001	@user @user @user ููููููููููููู ุดููู ุชุงุฑูุฎ ุจูุฏู ุจุนุฏูุง ุชุญุฏุซู ุนู ุชุงุฑูุฎ ุงุณูุงุฏู ...ุญุจูุจุชู ุงูุชู ุบโฆ @user	negative
amharic_dev_00002	@user ุชุจูููู ูุงุฐุง	negative
amharic_dev_00003	@user @user @user @user ูุณููู ุชุจูููู   ุจุตุญ ุถุญูุชูู  ูู ูุงุถุช ู ุฑุงุญุช ุชุฌุฑู ู ุทููุจูู ..ุน ุงุณุงุณ ุชู ุชุจโฆ @user	negative
amharic_dev_00004	ูููุนูููุง ูุฌูู ุงูุจุฎุณ ูุฑุฉ ุงุฎุฑู ููููู ูุนูุงู ููุฑูููุง.  ูุงู ูุนูุงุด ููุฑูููู.\nุตุญูู ูู telegraph ุณุฑูููู macbook  ูุชุงุนู ููู ุบโฆ @user	negative
amharic_dev_00005	ูุนุจุงููุด ูุนูุงู ุงูุซุฑ ุงููุงุณ ูู ูุญุจูู ูู ูู ูููููุง ูููุชุด ูู ููููููุชุงุฑ ูู ุงูุชูู ุงูุชูู ๐ญโค๏ธ\u200d๐ฅ	positive
amharic_dev_00006	@user @user ูุนูุงู ุฑุงูู ุชุฑุฏู ุงูุณูุงู ุจุงููุนุฑูุฉ ุฑุงูู ูุดูู ูููู @user	negative
amharic_dev_00007	@user ูุนูุงู ุฑุงูู ุชุณูฺจู ูู ุทูุงุฑุฉ ุนููููุง ูุณูฺจู	negative
amharic_dev_00008	@user ูุนูุงู ุญุชู ูุญุดู ููุช ููุงู ุนุงุฏู ุงุฎุช ูููุช ูู ููุงุด ูุนูุง ุญุฐูุช ุณุจุจ ูุงูุงู ูู ููุงุด ุญุฐูุช ููุงูู..	neutral
amharic_dev_00009	@user ูุนูุงู ูู ูุชุฒูุฌ ูุงุนูุฏูุด ุงูุญู ูุนุงูุฏ ุงูุฒูุงุฌ..ููู๐คฃ๐คฃ๐คฃ	positive
amharic_dev_00010	@user @user ูุนูุงู ุญูุง ุนูุฏูุง ููุชุฎุจ ุนุงููู ..ุฃุณูู ูุฑุตุฉ ููุชุฃูู ุถูุนูุงูุง ุจุฑุนููุฉ ุงููุฏุฑุจ ูุจุนุถ ุงููุงุนุจูู	negative
amharic_dev_00011	@user ูุนูุงู ูุฐุง ุฑุฆูุณ ููุฏุฑูุง ุนููู ุงููุงุณ .\nูุณุฎุฑุฉ	negative
amharic_dev_00012	@user ๐ ูุนูุงู ูุด ุชุจุงูู ุ @user	neutral
amharic_dev_00013	@user ูุดู ุชููููู ุญุฌุฉ ุงูุชูุงูุฉ ุงูุดุนุจ ูุนูุฏูุด ูุนูุงู ุงุฌูุจูู ูุชูููู	negative
amharic_dev_00014	@user ููููู ูู ููู ููุดุ ุณุงูู\nูุนูุงู ูุง ููุตูุด ูู ุงูุฏุฑุฌุฉ ๐	negative
amharic_dev_00015	@user ูุงูุฏููุง ูุฎููุง ูุนูุงู ูุญุฑูููุง ูุณูููุฉ ๐	positive
amharic_dev_00016	@user ูุนูุงู ูุนูุงู ๐ข๐ญ	neutral
amharic_dev_00017	@user ๐๐คฃ ูุนูุงู ุฏุฒุงูุฑ ูุงุชุฑูุถ ุงูุฒูุงุฑุฉ ุชุงุนู \n\nูุฑุญุจุง ุณูุงุฏุฉ	neutral
amharic_dev_00018	@user @user ููููููููู ูุนูุงู ุฎูุฑุชูุง ุญูุง ๐\nุงููุทู ุงู ุดุงุก ุงููู ุจุฑุฏุง ูุณูุงูุง \nูุฒูุฏ ุงูููุง ููู ุฑุชู ุงูุฌููุฉ ุงูุจุฑุฌ ุงููุฏูุฉ ...	positive
amharic_dev_00019	@user ุงูุญูุฏ ุงููู ุฌุงุก ูุงุญุฏ ูุงู ุงูุญูููุฉ ููุงุณู ุงุญูุง ูู ุนูุงุจุฉ ููุงุด ุนุงุฑููู ูุนูุงู ุงูุฏููุฉ ูููุดุชูุง ุจูุฐู ุงูุทุฑููุฉ ุญุชูโฆ @user	positive
amharic_dev_00020	@user ๐ฅด๐ฅด๐ฅด๐ูุนูุงู ูุงูู ุบูุฑ ูุญุฏุฉ	negative
amharic_dev_00021	@user @user ุนูุฏู ุงูุญู ุฃููุง. ุจู ููุซููู ุงูุฌุฒุงุฆุฑ ุซุงููุง. ูุนูุงู ุญุงุฌุฉ ุชุน ุญู ููุฑุจู ูููุงุ ุงูุญู ุญู ูููุง ูุงูโฆ @user	positive
amharic_dev_00022	RT @user @user ูุนูุงู ุชุญูุณู ุชุจูููู ุฌููุงู ๐ญ๐ญ๐ญ\nูุงูุง ุจุงููุงุฏ ุงุชุฌุงูุฒ ูู ูุบุงุฏุฑ ูุฏุฑุฌุฉ ุงููู ูู ุงุนูุฏ ุงุนูู ูู ุงูุชุธุฑ ุนูุฏุชู ุงู ุณุฃููุญ ุจูู ุงูโฆ	negative
amharic_dev_00023	@user @user ูุนูุงู ููุช ุงูุฌุฒุงุฆุฑ ุุ!!	neutral
amharic_dev_00024	@user @user ูุนูุงู ุฌุงููุฉ ูููู ูููููุฉ	negative
amharic_dev_00025	@user ูุนูุงู ููููู ููู ุงูุณุคุงู ูุตู ุงูุฌูุงุจ . \nุงูุฎุงูุฉ ุนูุฏูู ูุนูุงุฑ ุงููุฌุงุญ ูู ุนูุงูู ุงููุฌุงุญ. ูุฏุงุฎููููุง ูุฌุงูุจู Gูุด ุฏุฑูุงุช.	neutral
amharic_dev_00026	@user ูู ุงูุง ุถุงูู ุจูู ุฑุงุญ ููุตุงุจ ูุจู ุชุฑุจุต ุนุทุงู ุฑุฎููุณ \nุจุตุญ\nูุนูุงู ุญุงุจุฉ ูุฏุฎู ุนููุฑุฉ ุ\nุฑุงูู ูุชุฃูุฏ ุจูู ุถูู ุงูุงุณุงุณูุฉ \U0001f979	negative
amharic_dev_00027	@user ูุนูุงู ูุงุชุฎุชุงุตุฑูุด ุงูููุถูุน ู ุชุฎูููู ูุทูุฑ ูู ุฏุฑู ๐	neutral
amharic_dev_00028	@user ูุนูุงู... ูุฐูู ุฌุงูู ุนุจุงุฏ ูููุง ุงููุงุณุ ูุงููู ุงูุญููุดุฉุ ุงูููุงุฑูุ ุงูุฎูุงูุณ..... ูุฒูุฏ ูุฒูุฏ	negative
amharic_dev_00029	@user ูุนูุงู ูุงูุงุด ุงูุณูุฑ ุนู ุทุฑูู ุงูุจุญุฑ ุ ูุงูุญุฑูุฉ  ูุงูุจูุทู ูููุงุด ุ	neutral
amharic_dev_00030	ูู ูููุงู ุฅูุณุงู ููุฉ ููุนุจู ุจูู ุญุชู ููุฑูู ุ ููุจุนุฏ ููููู ูุนูุงู ูุจูุงุชุด ุงูููุฉ ูุงูุจูุงุฏ	negative
amharic_dev_00031	ูุนูุงู ูุฒุงู ูุงูู ุนูุจุงุฏ ููุชูู ุจู ูุถูุฑ ุชุงุนูู ูุซุฑ ูู ุชุตุฑููุงุชูู	negative
amharic_dev_00032	@user @user ูุงูุงุด ุงููุงุกุ ุงููุงุณ ููุงุช ุชุฎุณุฑ ุจุงุทูุ ูกููู ุชุณูุงู ูกููููููู ู ูุง ูููุงูุด ุงููุงุก.	negative
amharic_dev_00033	@user ูุง ูุงูุงุด ุงูุฑูุฌูุน ุฑูุญ ุฑูุญ ูุญุฏ ุงููุฎููุน๐คฃ๐คฃ๐ฉ๐ฟ	negative
amharic_dev_00034	ุงูููุฑุงู ุชุงุนู ุฅูุฐุง ูุทูุนุชูุด ุจูุฏู ูุงูุงุด ูู ูุทูุนูููู	neutral
amharic_dev_00035	@user @user @user @user ูุงูุงุด ุชุนููู ุชุฑุฏ ููู ุนูู ุงูููุฏูุจู ูุง ููุฒูุน ุงูุฅุฑุงุฏุฉ ุนุฏูู ุงูุดุฑู	negative
amharic_dev_00036	ู ูุงูุงุด ุงูุชุฑูุณูุชู ๐ฅ @user	negative
amharic_dev_00037	@user ููููู ุงููู ูุนูููุง ุงููุณูููุฉ\nูุงูุงุด ุญู	positive
amharic_dev_00038	@user ูุงูุงุด ูุจูุฏููู ูุฏูู ููุงุฑูู ูุงูู ูุจุงุญ ู ูุจุงุญ	negative
amharic_dev_00039	@user @user ูุฏุงูู ููุญุฏ ุจุงููู ูุงูุงุด ูู ุนูุงุจุงูู ุนูุงูุชู ูููุงู ูุน ุฑุจู \nูุงุชููุฑูุด ุงููุงุณ ูููุง ุชุญุจู\nุงููู ููุฏูู	positive
amharic_dev_00040	Avance l""arriรจre ๐คฆ๐ผ\u200dโ๏ธ ูุงูู ูุงูุงุด ุงููุงุฏุฉ ุงูุงููู ูุชุตููุน @user	negative
amharic_dev_00041	@user ุงูุงูุ ูุง ูุงุ ูุงุดููุชุดุ ูุงูุงุด ูููุงุ  ููุญุงู	neutral
amharic_dev_00042	@user ูุงูุฏู ูุงุด ุฏุฎูู ุุ ูุนูุงุด ุชูู ูุนุงูุง ูุชุงูุง	negative
amharic_dev_00043	ููุฑุฌุน ููุณุคุงู ุงูุนููุต ุงูู ูุนูุฏูุด ุญู ... \nูุนูุงุด ุงููููุฑุจููู ูููุงูุด ูู ุงููุฑุฉ ุงู ุจุงุตุญ ูููุฏุฑุด ููุงูุดู ูู ุงููุฑุฉ!ุ ๐ \nูุงููู ุตโฆ @user	negative
amharic_dev_00044	@user @user ูููููู ุฑุงูู ุญุธุฑูู ๐ณูุนูุงุด ูู ููุถุญูู !ุ	neutral
amharic_dev_00045	@user ูุนูุงุด ูุญุจุทูุด ุงููุนุฏู ุญุชู 9ุ5	negative
amharic_dev_00046	ูุนูุงุด ุงูุจูุงุช ูุนูุดู ูุซุฑ ูู ุงูุงููุงุฏุุุ @user	neutral
amharic_dev_00047	@user ูุนูุงุด ุชุญูู ูุนู ูู ุงูุงูู ุงุตูุง	negative
amharic_dev_00048	@user ูุนูุงุด ุทูุญ ุบูู	negative
amharic_dev_00049	@user @user ูุนูุงุด ุงุญูุง ููุงุฆูุฉ ุ ุญุชู ุงุญูุง ูุณุจ ูููู .	negative
amharic_dev_00050	ุฎุงูุชู ูุนูุงุด ุงูุฏุนู ุฑุงูู ููุช ๐๐	negative
amharic_dev_00051	@user ุขุด ุฏุงูู ูุนูุงุด ูุดูุช... ูููููููู @user	neutral
amharic_dev_00052	ูู ุนูุงูุงุช ููุฉ ุงูุชุฑุจููุฉ ู ุงูุงุฏุจ \n- ุดุญุงู ุชุฎูุตุ- ูุฒุงู ูุฌุจุชูุด ุฐุฑุงุฑู ุุ-ูุงุดุจูู ูุงุนุฏ ุนุงุฒุจ ููุง ูุงุนุฏุฉ ุนุงุฒุจุฉุ- ูุงุด ุจูู ุดููุชโฆ @user	negative
amharic_dev_00053	RT @user ุฃุตู ุงููููุฉ KaVi ุซู ุตุงุฑุช cafi ูู ูููุฉ ู ูู ูููุฉ ูููุฉ ุชู ุฃุฎุฐ ุตูุฉ ูููู ุฃู ุงููููู ..\nู ููู ุฃุตู ุงููููุฉ KaVi ู ูู ูุฎุชุตุฑ ุงูุฌุฒุก ุงูโฆ	neutral
amharic_dev_00054	@user ูููุฉ ูููู ูุนูุงุชูุง ูููุงุฌู  ูุนูุฏูุงุด ูุนูู ุงุฎุฑ  ุนูู ุฎุงุทุฑ ุจูุฑู ููุงูุด ูู ููุจู ูุฎุฏู ูููุงุฌู ฺคุฑุณูู ุนูุฏ ุงููุงุณโฆ @user	negative
amharic_dev_00055	ูุตุทูุญ ""ูููู"" ูู ูุตุทูุญ ุนูุตุฑู ู ูุนูุงู ุงูููู ุงูุจูู.. ููู ุฅุดุงุฑุฉ ุฅูู ุงูุนุฑุจ ุจุงุนุชุจุงุฑูู ุจุดุฑุชูู ุณูุฑุงุก.. ูู ุดุฎุต ูุณุชุนููู ุจูุตุฏโฆ @user	positive
amharic_dev_00056	@user @user ููู ุชุญูู ุนูู ุนุงูู ุจุฃูู ูููู.ุงู  ุงูุช ูู ุฃุชู ุจูุฐู ุงูููุงุฑูุฉ ูุงุฑุซุฉ ู ูุดุฑูุง ุงูุจุฑ ุฎุทุฃ	positive
amharic_dev_00057	@user @user @user ูุง ุงุฎู ุงูุนุฒูุฒุ ุงูุง ูุงููู ูุง ููุช ุญุงุจ ูุญุท ูุฐ ุงูููุดูุฑุ ููุง ูุญุจ ูุชุณุจุจ ูู ูุดูู ุงโฆ @user	positive
amharic_dev_00058	@user ุจุตูุชู ุตุญูู ุฑุจูุง ูุง ุชูุฒู ุงูู ูุฐุง ุงููุณุชูู , ูุงุญุฏ ูู ุงููุงุณ ูุงุชู ุงููููุฉ ููุณุช ูููุง ุดุงุฆุจุฉ ูููุฉ ููุนูุฒุฉ ุฅูุง ููโฆ @user	negative
amharic_dev_00059	@user ูุณุคูู ูููู @user	negative
amharic_dev_00060	@user ุญูุงูุชู ุญูุงูุฉ ูู ุงููุฑุฏู ูุงูุจุงูู ูููู	negative
amharic_dev_00061	@user ูููู ุงุญุณู ูู ุงูุฑูุฒ	negative
amharic_dev_00062	@user ูููุฉ ุนูุตุฑุจุฉ..\nููู ูู ุฑุงู ูุชููุณู ุจุด ูููู ุชุจุฑูุฑุงุช.. ูููู๐คฃ	negative
amharic_dev_00063	@user ูุง ููุงูุด ูููุง ูุนุ ูุชูู ูููุง ูุธููููุฉ ุฒุงูุฏุฉ ุจุฑู\nุฏูุฑ ูุงูููุชูุจ ุชููุงูู ูุงูู ููุนููู ูููู ุนูู ุตุงุญุจ ุงูุณููู ุงูุณูุก.	negative
amharic_dev_00064	@user ูุง ูุงููู ุบูุฑ ูุง ููููู ูุงูู ููููู ุงููุงูุน ุงููุนุงุด\n\nูุซูุง ุชููุง ูุงุญุฏ 40 ุณูุฉ ูุฒุงูู ุจูุงููุณุช ููุงุฑููู ููุฏูุฑโฆ @user	neutral
amharic_dev_00065	@user ุนูุฏู ูุฏุฉ ูุณุชูู ูู ุงูุฌูุณุฉ ูุชุงุนู ููุชุงุด ูุนููููุง	neutral
amharic_dev_00066	@user @user ูฑู ูููู ุจุงูุตุญ ูู ููุชุงุด ูุนุฑูู ุงููุฌุงููุฉ ูุญูุง ุงูุฒุงุฒูุฑูููุุุ ๐คฃ๐คฃ๐คฃ๐คฃ๐คฃ	neutral
amharic_dev_00067	@user ูุงุฒุงูุช ุบูุฑ ูุงุฏูุฉ ููุชุงุด ุชูุตู ููููู	neutral
amharic_dev_00068	@user ููุชุงุด ุชูููู ุงูุฏููุงู ุ โค๏ธโค๏ธโค๏ธ	positive
amharic_dev_00069	@user ููุชุงุด ููุนุจู	neutral
amharic_dev_00070	@user ููุชุงุด ุชุจุฏู	neutral
amharic_dev_00071	@user ๐๐๐ ุงูุณุจุงู ูุนุงูู ุฃูุง ููุชุงุด ุนุฑูู ูุชูุงูุดู	negative
amharic_dev_00072	@user ูู ููุชุงุด ุฑุฌุนุช ุงูุฌุฒุงูุฑ ุนุฒูุฒุฉ ูุงู	positive
amharic_dev_00073	@user ููุชุงุด ูุงููุง ูุงุฐู ุฎููุง ..ูุงุฐู ูุฏููุฉ ..ุงุถู ุงูุงู ุฑุงู ุจูู ุงูููุช ู ุงูุญูุงุฉ	negative
amharic_dev_00074	@user ๐๐๐ ููุชุงุด ูุชุญูู ูุฐุง ุงูุญูู ๐	positive
amharic_dev_00075	@user ููุชุงุด ุชูุญู ุฏุงูุชูุง	neutral
amharic_dev_00076	@user ุดูุชู ููุงู  .. \nุชุนุฑูู ูุงุฐู ุงููู ูุญูููู ุนูููุง ููุชุงุด ุงูุชุดูุช ุฒูุงุฌู ุงูุณุฑู ููู ุงุชููู ูุงูุฏูุง ูุงููุณุงุด ููููุง ูุงโฆ @user	negative
amharic_dev_00077	@user ูุงุชุด ุงูุฌุฒุงุฆุฑ  ุชููุณ ููุชุงุด	neutral
amharic_dev_00078	@user ุงููุทููุนุฉ ููุชุงุด ูููุชูุง ? ุดุญุงู ูู ุณุงุนุฉ ูุจู ุงูุฌุฑู !	neutral
amharic_dev_00079	@user ูุงุญุฏ ุงููุชุงุญู ูู ุชุทุงู ูุง ุนุฑูุช ููุชุงุด ููุญูููู ูุดูุช ูููู ูููุชูู ุณุงุฏูู	negative
amharic_dev_00080	@user ุตุจุงุญ ุงูููุฑ \nูุดููู ููุชุงุด ุงูุญุจุณู ุงูุง ููุงู ๐	positive
amharic_dev_00081	@user ููุชุงุด ูุง ุฎููุฉ ุงุฎุฑ ูุนูููุฉ ุนูุฏูุง ุชุฃุฌูุช ุงููุถูุฉ ... ููู ูุนูู ุนู ุงุทูุงู ุณุฑุงุญู	neutral
amharic_dev_00082	@user @user ู ุงูุช ูู ุชูุทุน ุทุฑูู ูุงุด ูุงุญุฏ ุฏุงุฑ ููู ูุฒูุฉุ\nูุงูู ุงููุงููู  ููููู ููู ุชูุทุน ููุชุงุด ุนูุฏู ุงูุฃููููุฉุ ุงโฆ @user	negative
amharic_dev_00083	@user ููุชุงุด ูุฌู ููุฒูู ูููููุ	neutral
amharic_dev_00084	@user ูุงุฎู ูุงููู ุตุญ ุงูุง ูู ููููู ููุนุจู ูุงุชุด ูุชุญูุณ ู ูุฑูุญ ูุณุชูุง ููุชุงุด ูุฑูุญ ููุนุจ	positive
amharic_dev_00085	@user @user ุจุตุญ ููุชุงุด ูููู ุญูู ุจู 150 ูููุงุฑ ุจุฑููู ู ูููู ุงุบููุงุก	positive
amharic_dev_00086	ุณูุณูุช ุจูุช ุงุฎุชู ุนูุฑูุง16ุณูุฉ\nูุดูู ูู ุงูุญุงุฌุฉ ูู ุชุฎูููู ูููู ุดุฎุตูุชู \nูุงูุชูู ุฏุงููุง ุงุชููุฑู ุจูู ูุงูู ูุงุณ ุฑุงูู ูุณุชูุงู ููุชุงุดโฆ @user	neutral
amharic_dev_00087	ููุชุงุด ูุฌู ุงูุดุชุงุก ุฑุงูู ุจุงุบู ูุชุบุทุง	neutral
amharic_dev_00088	ุดุฑููู ูู ุงูุฌุฑููุฉ ูุงู ููู ุจุตูุฉ ูุชุฃุฎุฑุฉ ูุฃูุช ููุชุงุด ูุง ุฏุบูุฉ ูุง ูุฏู ๐ @user	negative
amharic_dev_00089	@user ูู ุดุบู ุฑุงู ุชูุฏุฑ ุนูู ุจุงุจุง :) ูุง ุนูุงุจุงููุด ูุด ูุฏูุฑ ุงูุจุฑุง ูู ููุงุฑ ุทูู ู ูู ูุงูุฏุงุฑ .. ุนุณุงุณ ููุชุงุด ุฏุฎููุง ู ููโฆ @user	negative
amharic_dev_00090	@user ุงููุงุญุฏ ุนูู ุงูุฃูู ูุนุฑู ููุชุงุด ูุญุท ุงูููุงุท ุนูู ุงูุญุฑูู. ุฏููุน ุงูุชูุงุณูุญ ูุง ุชุฃุซุฑุดุ ุฎุตูุตุง ููุช ูููู ููุจู ูู ุณุจุจ ุงููุตุงูุจ ุงูููู	negative
amharic_dev_00091	@user ูุฑุญุจุง ุจูู ููุจู	negative
amharic_dev_00092	@user @user ูุงุชููููุด ุธุฑูููู ูุงุฏุงู ุงุญุฏ ุงููุงูุฏูู ุนุงูุด ูุตุฑู ุนูู ูููุฏู ุญุชู ูููู ูุนุฑู ุตูุงุญู\nูุฒูุฏ ุงูุทูู ุนูุฏูโฆ @user	neutral
amharic_dev_00093	@user ููุชุงุด ูุงูู ูููุงู ูุฐุงุุุุ ููููููู	negative
amharic_dev_00094	@user @user ุงูุณูุงู ุนูููู ูุนูุงุด ูุง ูุงูุด ูููุง	neutral
amharic_dev_00095	@user ูุนูุงุด ุฐูุฑู ุณูุฆุฉ ุ ูุนูุงุด ุญุธู ุนุทูุจุ ูุนูุงุด ูุฎุฒููููุง ุฐูุฑู ุฃุตูุงุ	negative
amharic_dev_00096	ุทุงู ุบูุงุจู ุขุบุฒุงูู\nุฑุงูู ุทููุชู ูุงูุบุฑุจุฉ\nุดุฏูุชู ุงูุญูุฏ ุขุฏูุงูู\nุนููุง ูุนูุงุด ุฏุงูุบุถุจุฉ\nูุงุฒุงู ุฑุงู ูุงูู\nL""espoir\nูุนูุงุด ฺฏุงุน ููุทุนู ูโฆ @user	neutral
amharic_dev_00097	@user ุงูุง ุงูุฅุฏุงุฑุฉ ูู ูุฎุฏู ูููุง ูุฑุญุจุง ุจูู	positive
amharic_dev_00098	@user ุงูุง ูุณูู ูู ุจุฌุงูุฉ ูุฑุญุจุง ุจูู	positive
amharic_dev_00099	@user @user ุงู ุดุงุก ุงููู ุฎููุง ูุฑุญุจุง ุจูู	positive
amharic_dev_00100	ูุฑุญุจุง ูุงูู ูุฑุญุจุง ุจุจูุช ุจูุงุฏู ูุดุฑู ูู ูุดูุฑุง ุนูู ููุงูู ุงูุทูุจ ูุงููู ุงุซุฑ ูู. ุฑุจู ูุญูุธู ููุฑุนุงู ูุงููู ููุจุฑ ุจููุ ููุฏุง ูุงุฌุจูโฆ @user	positive
amharic_dev_00101	ูู ููููู ูุฑุญุจุง ุจูู ุนูุฏูุง ูู ุฌูุฌู ูููู ุชุฑุฏูุงูู ุุ!๐๐โ๐๐ @user	positive
amharic_dev_00102	@user @user @user @user @user ูุฑุญุจุง ุจูู ุฎุชู ุณุงุฑุฉ ูุฏูุฑูู ุฑุดุชุฉ ุงููู ุงููู	positive
amharic_dev_00103	@user ูุฑุญุจุง ุจูู ุงูุฌุฒุงุฆุฑ ุฃู ุงูุฌููุน ุญูููุฉ ุฅูู ุฏุฑุฌุฉ ูุจูุฑุฉ ููู ูุน ุงูุฎููุฉ ูููุง ูุฑุงุฌุนุฉ	positive
amharic_dev_00104	@user ูุงููุด ุจุนูุฏุฉ ุจุฒุงู ูุฑุญุจุง ุจูู	positive
amharic_dev_00105	@user ูู ููุดุงู ๐ค๐ค	positive
amharic_dev_00106	ุงูุณุนุงุฏุฉ ุงูุฒูุฌูุฉ ุฃุณูู ูุง ูููู ุงู ูุตู ุฅููู ุงูุฅูุณุงู\nุจุฑู ุงูุดู ููุดุงู ูุน ุงูุขุฎุฑ.	positive
amharic_dev_00107	ุฏุงูุฑููููู ูููุฉ ููู ูููุชูู ุนูุงุจููุง ุดุงูููู ุฑูุญูู \nูุงูุงูุด ูู ูููููู ูุฏ ุงูุนุฑุจ ุฌูุงุญุฉ @user	negative
amharic_dev_00108	@user ูุงู ูุงู ููุดุงู๐	positive
amharic_dev_00109	@user ูุจุงูู ูููุช ูุฏุงู ุงูููุจูุจ ..ุฌููู ููุดุงู ูุตูู ุญุชู ูุฏุฑุฌุฉ ุงูููุฑ	negative
amharic_dev_00110	@user ุงุฐุง ุตุญ ูุด ุฑุงูู ูููู \nูุงููู ุบูุฑ ุฌูุงุญุฉ \nูุทูุจ ูู ูุทุฑ ุงู ุชูุฒุน ููุนุฏ ุฏููุฉ ุฅุณุฑุงุฆูู ูู ุงูุฃูู ุงููุชุญุฏุฉ	negative
amharic_dev_00111	@user ููุดุงู ูุงููู ุุญุงุจุณูู ูู ุนุตุฑ ุงูุฌุงูููุฉ ุ ููุฑุญุงู ุจุฑูุญู ูฺจุงุน	negative
amharic_dev_00112	@user ุณูุณู ูู ูุงููุฑู ุจุงูุงู ุฑุงูู ููุดุงู	neutral
amharic_dev_00113	@user ุฌูุงุญุฉ ู ุชูุงูุฉ. ูุฐุง ุฎุจุฑ ูุจูุงู ูุชุจุนูู ู ูุญุจูู ู ูู ุงูุชููุงุฒ ุญุงุทูู ุนุงุฌู.... ุชูุงูุฉ	negative
amharic_dev_00114	_ููุณูุนุด ุฑุงู ู ุฌูุงุญุฉ ูุฐู \n_ุฑุงูู ุธุงููุชูู ูุฑุงููุด ูุงููุชูู  \n_ ุณููุฑูู ุชุงุงุน ููููููู ูู ุนุดูู ุณูุฑูููู	negative
amharic_dev_00115	ุงูุซุฑ ูุงุณ ููุงุต ูููุง ูุงุณ ุงูุฌู ุงููุฎููุณุงุฒ ๐จ๐ต @user	positive
amharic_dev_00116	@user ูุงู ููุดุงู ูุงููู ุงูุง ุนูุฏู ุงูุตุญ ๐๐ป	positive
amharic_dev_00117	@user ูุง ุงูุฑููุฌู.ูุง ุงูุฌุงูุญ ูู ุชุฌู ุชูุฏุฑ ูู ูุงุด ุญุงุฌุฉ ุญูุณ ุณูุณู ุงูุจุนุฏ ุงูุฏุฑ.ูุงุดู ุชุทูู ุบุจุงุกู ููุงู ูุจุงุดุฑุฉ.ููุง ุงุณุชโฆ @user	negative
amharic_dev_00118	โข ูู ูุซุฑุฉ ูุง ููููุงุด ููููู ุงูููุงู ุงูุทูุจ ููู ููุฑุญ ูููุงูุฏูู ุชุงุนูุง ...ููู ุชููู ูููุงูุฏุฉ ุชุงุนู : ุฃูู ุงูุช ุงูุฃูุถู ูุงูุฃุฌูู ููโฆ @user	negative
amharic_dev_00119	@user ุฑุงู ุฃุฏุฎู ูู ุงูุฌุฒุงุฆุฑ ๐ฉ๐ฟ๐ช ูุงุด ูุงุชุณุงูููุง ุฃุฑูุงุญ ุชุฎูุต ๐ \nุฃูู ุถุฑุงุชูุง ูุงุด ุญุงุฌุฉ ุงุฏุฎู ุงูุฌุฒุงุฆุฑ ุนูุดูุง ุญูุงุชูู ุนูุงู ุงุชุนูุดูุง ุญูุงุฉ ุงููุงุณ	negative
amharic_dev_00120	@user ุตุฑุงุช ุงูุตุจุงุญ ูุฎุชูุูุง ุชูุณุฑุด ุงูุทุจุณู ุจุตุญ ุฏุงุช ุชุจูุฏููุฉ๐\nู ุชุงูู ูู ุชุณูุญ ูุงุด ุญุงุฌุฉ ุชููู ููุง ูุงุถ ุงูุฎูุฑ...ุจุตุญ ูููุงู ุญูโฆ @user	negative
amharic_dev_00121	@user ูุงูุณูุฏ ููู ุงูุฏูุงุน ูู ุญุฑฺจ ุฑูุญูุงุููู ูุนูู \nูู ูุฐุง ููุฒูุฑูุฉ ูุชุญูุง ูุงุด ุญุงุฌุฉ	negative
amharic_dev_00122	@user ูููุงุชูู ูุญุทูููู ุงูุนูู ูุงูุดุนุจ ูุฑุนู ูุงููู ูุงุนูุจุงูู ููู ุนุงุด ูุงุด ุญุงุฌุฉ @user	negative
amharic_dev_00123	@user ุดููููู ูุงุด ุนุฑูุฉ ููุง ุญุงุฌุฉ ูุชููุฑ ุนูููุง ๐ฅบ๐คฃ๐คฃ	negative
amharic_dev_00124	@user @user ุงูุง ููุนุฏ ูุฎููุน ูู ูุฐูู ูู ูุชูููู ุนูู ุงููุงููุฉ ู ูุง ูุงุด ุญุงุฌุฉ ู ุจุงุด ูุง ููุทุนู ุงููุฏุฑุฉ ุชูููู. Et tou	negative
amharic_dev_00125	@user @user @user @user ุฑุงู ุบู ุชุฎูุท ุ ุงุฐุง ููุช ุตุญ ุญูุงูู ุชููู ูุญูุงูุฉ ูุญุฏู ุ ุงุฐุง ุจูู ูุงุด ุญุงุฌุฉ ุฎูุงู ูุงููุด ูุงููููู	negative
amharic_dev_00126	@user @user ุงููู ูุฑุญูู ููุฌุนู ูุซูุงู ุงูุฌูู ูุงุฑุจ ุงูุนุงูููู ๐๐๐\nุนูุงุจุงูู ุงููุดููุฉ \nููู ุชุญุงูู ุงููุฌุฑููู ุชู ุชู ุชูููโฆ @user	positive
amharic_dev_00127	ุฌุงูู ูุถุญู ุนูู ูุงุด ุญุงุฌุฉ ุจุตุญ ูุดูู ูุงุญุฏ ูุถุญู ูุถุญูู ููุนุฑู ุนูุงุด ๐ญ๐	positive
amharic_dev_00128	@user ุงูุง ูุง ุงุคูู ุจุงูุฌูููุฉ\nุงูุง ุฌุฒุงุฆุฑูุฉ  ุจ 58 ููุงูุฉ\nููุท ูุถุญุชูู ุงูู ุงุตูู ูู ุฏุดุฑุฉ\nูุงุฏุงู ุฑุงู ูุถุญู ุนูู ุงูููููููโฆ @user,	negative
amharic_dev_00129	@user ููููููู ุญูุจ ุงูุจูุฑ ูุงุฌุจ ูุฐุง ูุงูุด ุชุญูุงุจ ูุง ุจูุฑุฉ ูุดุจูู ุฏุฑุชู ูุฑูุญู ุญูุงูุฉ ูุตุฏูุชููุง ุงุจุฏุงู ุชุฑูุญู ูุง ูุนุฒุฉ	negative
amharic_dev_00130	ูุงูู ุงูุญุจ ูู ุงููู ูุธุฑุฉ .\nููุงูู ุงูุญุจ ูู ุฎุฑูุฌ ุงูุดุนุฑ ๐๐๐\n\nุชุญูุงุจ ุงูุชุน ุจูุฑู @user	negative
amharic_dev_00131	@user @user @user ูุง ุนุฑูุชุด ุนูุงุด ูู ุดูุช ุงูููุฏูู ุชูุฑูุช ููุดุงู ุงูุฎูุงูุฌุฉ ๐	neutral
amharic_dev_00132	@user ูุงุฏู ุนุฌุจุชูู ููุดุงู ุจูุงุช ุงูุฃุตู ูุง ูุจุบููุงุด ุฎุงุทุด ูููุชู ููุง ูุจูุนูุด ุฃููุณูุง ุนูู ูุงุฑุนุฉ ุงูุทุฑูุงุช ุฃู ุงูููุตุงุช	positive
amharic_dev_00133	@user ูุง ูุงุจูุงุด ุงููุนุจ ูุน ูููุงูุด...ุงุฎุฏูู ุฎุฏูุชูู ููุดุงู ุทูุนูู ููุญุจุณ ุญุชู ูุจุทู ุงูุฅุฏูุงู ุทูููู...ุงููุญููุฉ ูุงุชููุนุดโฆ @user	negative
amharic_dev_00134	@user ูุง ูุทูู ู ุดุญุงู ููุฑู ูุฐู ุงูุนุงุฏุงุช ๐ ุจุฒุงู ุนูููู ูุฑฺจุชููุง	negative
amharic_dev_00135	@user ุตุจุงุญ ุงูููุฑ ูุงูุณุฑูุฑ โ\nูุจููุฌูุฑ ุนูููู ุชูุฌูุฑ โ\nุจุงูุนุณู ูุงููููููุชูุฑ\U0001f9c9\nูุญุจู ุจุฒุงู ุฏููุฉ ููุฑ ๐ด\nููุง ุฏุงุนู ูุง ุฅุณุญุงู ูููุงุฌูุฑ๐	positive
amharic_dev_00136	@user ุฑูุนุฉ ุจูุง ูุงู \nุฑุญู ุงููู ุนุจุฏุง ูู ุนูู ุนููุงู  ูุงุชููู \nุงููู ูุนุทููู ุงูุตุญุฉ ๐๐ช	positive
amharic_dev_00137	@user ุงููู ูุนุทููู ุงูุตุญู ูุงูุนุงููู ูุงุฑุจ ุงูุนุงูููู	positive
amharic_dev_00138	@user ูู ูู ุฎุชูุชู ูุฑุงูุชู ููู ูู ุงูุญุจ \nุดููู ูุง ูุจุบูู ูุง ูุจุบูุฉ \nูุง ููุณุฑู ูุงุน pont.. ๐ช	positive
amharic_dev_00139	@user ููููู ูุงุฏุฑุง ุดููู ูุฑุจุญ ๐คฃ๐คฃ	neutral
amharic_dev_00140	@user @user @user @user ุงูู ูุงุฐุง ูุงุด ููุช ุญุงูุจ ูููู ุจูุงุฏ ุงููุงุนุงุช ููุฏููุฉ ูุงุฑุงุญุด ูุนโฆ @user	neutral
amharic_dev_00141	@user ุดุญุงู ุฌุจุชู ูุนุฏู	neutral
amharic_dev_00142	@user ุณุทูู ุงูุนุงูู๐ูู ุฃุตููู ุงูุทูุจ.. ุดูุฑุงู ๐ฟ๐๏ธ	positive
amharic_dev_00143	@user @user ๐๐๐๐๐๐๐ ุตุนูุจุฉ ูุง ุฑุงุถูุฉ ุฎุงุทููู ุชุจุงุฑู ุงููู ุนููู ูุง ุจูุช ุณุทูู ุดุงุทุฑุฉ	positive
amharic_dev_00144	@user ูููููููููููู ุญุชู ุงูุง ูุด ุฑุงุญ ูุฏูุฑ ุณุชููุช ูุณูู ุจู ุจู ุงูุนููุฉ ุงู ููุฑุงู ุงุฎูุงุต ูุงุณ ูููุฉ ูุญุชููู ุจูู๐๐	neutral
amharic_dev_00145	@user @user @user ุญุฑุดุฉ ุญุณุงู ูุงููุงุนุฉ ุงูุจูุถุงููุฉ ูู ุงูุนุงุตูุฉ\nูุงุนุฉ ููุฑุงู ุงูุฌุฏูุฏ ููุงุนุฉ ุงุฑุฒูู\nูุฐู ุนูโฆ @user	neutral
amharic_dev_00146	@user ุตุญ ุนูุฏู ููุนุงุฏ ุนููู ูุนูู ุฃููู ุจุงูุตุญุฉ ูุงูุนุงููุฉ ูุชูุจู ุงููู ููุง ููููู ุตุงูุญ ุงูุฃุนูุงู \nุญุณุจุชูุง ุญุงุฌุฉ ุงุฎุฑู\nูู ููุฑุงู ุุงู ุงุฑูุงุญู ูุฑุญุจุง ุจูู	positive
amharic_dev_00147	ุดุงุจุฉ ุฌูุฌู @user	positive
amharic_dev_00148	@user ูุณูุณ ุจุงูุนุตุจุงู ูุน ูุฑู ุฃุจูุถ ููุงูุฉ ุฌูุฌู โค๏ธ๐	positive
amharic_dev_00149	@user ุงููุทุงูุฑ ูู ุฌูุฌู\nุนูุฏู ูุจุงุฑู ููุนุงุฏ ุนููู ุจุฎูุฑ ูุตุญุฉ ูุณูุงูุฉ	positive
amharic_dev_00150	@user @user ุนูุฏูุง ูููุง ุจุงุงูููุงููุฑ ูู ูุณุท ุฌูุฌู ุจุนุฑููุง ูุนุฑู ูููุฉ ุงููุงุตู ูุชุญูู ุนููู ููุฒูุฏูู ูููุงโฆ @user	positive
amharic_dev_00151	ูุนูุงูุฉ ุฌูุฌู ูุดุงุก ุขููู @user	positive
amharic_dev_00152	@user ููุงู ูุงูู ูุงุฐุง ุฑุญุช ููู ูุงุดุงุก ุงููู ุฌูุฌู ุฌูููุฉ ูุนูุง ุงููุฏ ููุจู ุงูุง ูููู	positive
amharic_dev_00153	@user @user ุฎุทูู ูู ุงูููู ู ุงููุงู ุ ูุฐู ูุตูุญุฉ ูู ูู ุงุฎ ุฌุฒุงุฆุฑู ูููู ุ ูุง ูุฌูุฏ ูุดูุก ุงุณูู ุณุจูุฑุฉ ุณุญุฑูุฉ	positive
amharic_dev_00154	@user @user ุงูุชูุธูู ุฒุนูุง ุบุงุฏู ูููู ููุณุชูู ุนุงูู ููุง ูุงู ุนููู ูู ุฏูุฑุฉ ููุฑุงู ุงูุงูุนุงุจ ุงููุชูุณุทูุฉ 2022 ุ ๐โฆ @user	neutral
amharic_dev_00155	@user ูุงุณ ุณูููุฏุฉ ุฎูุงุฑ ุงููุงุณ	positive
amharic_dev_00156	ูููุด ูุฒูุฎ ุนูููู ูู ุฎุงูู ูุดู ุบุงูู	positive
amharic_dev_00157	@user ุฑูุญ ุจุฏู ูุฐุงู ุงูุชุฑููู ุฑุงู ุบุงูู ุงููุง ุงูุจุฑูุทุงูู ุฎูุงุต ุงูุฑู ูุงููุง ุจู	negative
amharic_dev_00158	@user ุงูุช ููุช ุนุงุฌู ุนุฌูู ูู ุชุตูู ุฑุณุงูุฉ ู ุงูุง ุงุนุทูุชู ุดูุงุฏุชู ุจููู  ู ูู ุจุนุฏ ุชุฌุจุฏู ูุชุงุจ ุบุงููุ  ูุฌูู ุตุญูุญ ุญุจูุจูุง	negative
amharic_dev_00159	@user ูููู ูุง ุชุญููููุด ูู ูุงูู ูุงููู ๐๐๐	negative
amharic_dev_00160	@user @user on da\noff da \nูุงููู ููุชูุงูู ุฏูุฌุง ูููุจู๐ญ๐ญ	neutral
amharic_dev_00161	@user ูุงููู ุฏุงูุฑุชูู 80 ุณูุฉ	neutral
amharic_dev_00162	@user ุดูุชูู ููุฑูู ููุฑูู๐ญ๐ญ๐๐๐ูุงููู ุณุชูู ุชุน ุงููููู ูุฐุง	negative
amharic_dev_00163	@user ููููู ูุงููู	neutral
amharic_dev_00164	@user ุชุญูุงุจ ุจุฑู ูุงููู ๐คฃ๐คฃ๐คฃ	negative
amharic_dev_00165	@user ุชุตูุฑ ูุงููู ุงูุชู ูุฐู ๐คฃ๐คฃ๐คฃ๐คฃ๐คฃ๐คฃ๐คฃ	negative
amharic_dev_00166	@user ููููู ููู 300 ูุงุฐู ุดูุชูุง ูุงูููุงู ูุงููู....ูุจูุฑ ููุฐุงุจ ูุง ุชุญุดูุด	negative
amharic_dev_00167	ุตุญุงุจู ููุงุฑ ูุงูู ูุดูู ูุนูุฏููุด ุงูุฒูุฑ \nูุงููู ูุณุงู ุจูู ุนูุฏูู ุฃูุง	positive
amharic_dev_00168	@user @user @user @user ุงูู ูุงููู ุณูุญุชู ููุง ุฎูุงุต	negative
amharic_dev_00169	@user @user @user @user ๐คฃ๐คฃ๐คฃ๐คฃูุงููู ูุฒุงูู ูุฑูุถ ุนูููู ุฎุฑุฌู	negative
amharic_dev_00170	@user ุฒุนูุง ูุงูู ูููุง ๐ @user	neutral
amharic_dev_00171	@user ๐๐๐๐๐๐ ุงูุงุจุฏุงุน ุฒุนูุง	negative
amharic_dev_00172	@user ุฒุนูุง ุจุงุบููู ููุณูููุง ูุงูููุถูุน ูุงู ูุงููุง ูููู	negative
amharic_dev_00173	@user ๐คจ๐คจ ุฒุนูุง๐ฆ๐ฏ๐	negative
amharic_dev_00174	@user ๐คชุงูุง ุบูุฑ ูุตุฏุช ูู ุฒุนูุง ุฑุงู ูุฏูููููููููู ูููู ูุจู ุงูุชุณุนููุงุช	negative
amharic_dev_00175	ุนูู ูุงุด ูููู ูุญูุณ ุฒุนูุง ุ @user	negative
amharic_dev_00176	@user ๐ ุฒุนูุง \nุบููุฉ ุจุตุฑุงุญุฉ ุงูุชู ุบููุฉ ุชุน ููุฑุงูุุ	neutral
amharic_dev_00177	@user ๐คฃ๐คฃ๐คฃ๐คฃ๐คฃุฒุนูุง ูุฏูุฑูุด ๐๐๐๐\nุฌูุงู ุทุจูุนู ๐๐๐	negative
amharic_dev_00178	@user ุฒุนูุง ุญูุง ูู ูููู ูููุง ุฏููู!ุ	negative
amharic_dev_00179	@user ุฒุนูุง ุชูุฏุฑูููู ูู ุฒูุฌ	neutral
amharic_dev_00180	@user @user ุงูุชุงุฑูุฎ ุฒุนูุงุ	neutral
amharic_dev_00181	@user ุนูุงุด ุฒุนูุง ููููู	neutral
amharic_dev_00182	@user @user ุฒุนูุง ููุฑ ูููุง ูููุชู ูุฐู ๐	neutral
amharic_dev_00183	@user ูุฏููููู ูู ุฌุฒูุฑุฉ ุงููุฑุงุตูุฉ ๐คช๐คช๐คฃ๐คฃ\nููููุงู ูุฏูุฑ ุฏููุง ุฒุนูุง ุทูุฑุช ููุงุงุงุงุง ๐๐๐ฅบ๐๐ ููุงุด ูุณุงุนุฏุฉ ุตุบูุฑู ูุนูู ๐๐๐๐ @user	negative
amharic_dev_00184	@user ๐๐๐ ุณู ูู ูุด ุญุงุฌุฉ ูุจูุฑุฉ ๐คญ๐คญ\nุงูุงุงุง ููููุงุงู ุฒุนูุง ุจุงู ูุณุฑููููู ูุฏูููุง ุงูููุชุงุญ ๐๐๐๐๐	negative
amharic_dev_00185	@user ุฒุนูุง ุฒุนูุง ุฑุงูู ุชุดููู ูู ูููููุชุงุฑ ุชูุนูุง ููุง ุฒุงุฏ ูุงูุต	neutral
amharic_dev_00186	@user ุฒุนูุง ูุนุงูุฏ ุงูููุช ููุตุจุญ ุนููู	neutral
amharic_dev_00187	@user ุฒุนูุง ูุชุง ููู ุงูุนูู ุฃุณู ุงูุบุฒูุงูู ...ูุฐุงู ุฑุงู ุญุณุงุจ ุณุงุฎุฑ ๐คฃ	negative
amharic_dev_00188	@user ๐๐๐๐๐ุฒุนูุง ูุงุด ุงููุฑู	neutral
amharic_dev_00189	@user ููุด ุฒุนูุง ุจุตุญ ุ ูุงุด ุฎุฑุฌ ุจูุงู ุฑุณูู ุ	neutral
amharic_dev_00190	@user ุฒุนูุง ุชูุฏุฑู ุฏูุฑููุง ูุชู	neutral
amharic_dev_00191	@user @user ูุงูููุง ุทูู ุนููู ุงูุชุจู ุงูููู @user	negative
amharic_dev_00192	@user @user @user ุดููู ุงูุญูุงุจ ูููุง ุงููู ุจูุฏุชุฉูุชู ูู ูุฌูู ููุงูุชูู ูุง ุงูุญูุงุจ ููุง ุงููู ุฑุงูู ุขููโฆ @user	negative
amharic_dev_00193	@user ูุงูุชุด ูุงูููุง	negative
amharic_dev_00194	@user ูุงูููุง ุฑุงู ูุฏูุฏููุง ุจุงูุฒูุจุฑูุทู ูููููููู	negative
amharic_dev_00195	@user ูุงูููุง ุทูุงุจ ููุฑุนูู ุจูุญูุต๐	negative
amharic_dev_00196	@user @user ูุงูููุง ุชุจูููููู ุงุญุณู ุดูุก ๐	negative
amharic_dev_00197	@user ูุชุง ูุงูููุง ุฎุงุตู ุงูุฑุชููุช ูุงูุชูุงุนู	negative
amharic_dev_00198	@user ุญุตููุง ุนูุฏู ุฒูุฌ ุจุฑููุงุช ูุงูููุง	negative
amharic_dev_00199	ูุง ุจูููฐ ุชูุฏูุฑ ูุนุงูุง ูุงูู Dopamine ..ุ ูุงูููุง ุบุงุฏู ูููุจูุง Mรฉthamphรฉtamine	negative
amharic_dev_00200	@user ๐คฃ ูุงูููุง ููุซุฑ ูุงุฏูุฒ ๐คฃ ุฎูุฏ ูู ุบู ุจุญุงู ูุงุฏูุฒ ุฏูุงู ุชุจูู ๐คฃ	negative
amharic_dev_00201	@user ู ุงูุช ูุงุด ุฏุฎูู ๐ูุงูููุง ูุฎุฑุฌู ูู ุฌูุจู	negative
amharic_dev_00202	@user @user ูุงูููุง ุญุจู ููุฏููู ูุดุฑุฉ ุงูุซุงููุฉ	negative
amharic_dev_00203	@user ูุงูููุง ุจุฏุง ูุตูู ู ุงูุญุณุงุจุงุช	negative
amharic_dev_00204	@user ูุงูููุง ุญุชู ุงูุช ุนูู ุณุจุฉ ุงููุช ูููููููู	neutral
amharic_dev_00205	@user ูุนุงู ูุฌุงู ูู ุฌุงููู ูุงูููุง ูุจุฏุง ุงูุชุณููู	neutral
amharic_dev_00206	ูุงูููุง ูุงูู ุบูุฑ ุงูุง ูู ูู ูุงุญุฏ ูุญุท story ุงู ุงูุง ูุง ูุดูููุงุด ูุญูููู ุงููุณูุงุณ	negative
amharic_dev_00207	@user ุดูุช ูููุงู !!\nูููุงู ุฑุงู ุฑุงูุณ ููุง ุญุชู ูุฒูุฑ ูููุงู ูุงูุตุฑุงูุด ูุงุฐ ุงูุญุฑุงุฆู. ูุงูุง ุ \nุดูุช ูููุงู ูุงุฎูุงููุด ุญุชู ุชุฃุฏูโฆ @user	negative
amharic_dev_00208	@user ููุฌูุฑุฉ ููุณูุฉ ูุงูููุง ูุงุฏุดู ูู ูุฑุงุณู	negative
amharic_dev_00209	@user @user ูู ุชุดูู ุงูู ููุง ุฌุฏู ู ุฑุฒูู ูู ุฏุงุฑ ูุญุงุตุฑุฉ ุจุงูููุฑุงู ุชูุนุฏ ุชุชูุฑุฌ ูุงูููุง ..ุญุชู ูู ูุงู ูุฏุง ูู ุงูุงุณโฆ @user	negative
amharic_dev_00210	RT @user ุชููู ูุฏุงุฎูุ ุฎูููุง ุนู ูุณุทุญ. ูุง ุนุฑูุชุด ุนูุงุด ุดุงุฑูุช ูุฏ ุงูููุฑุฉุ ูุงูููุง ุญูุช ุฃูุง ููููุณ ุจdynamics ุฏูุงู ุงูุนูุงูุงุช ุงูุฅุฌุชูุงุนูุฉ ู ุชุฃุซูุฑโฆ	negative
amharic_dev_00211	@user ุณููุชู ูุตุงู\nุจูุช ุณูููุฏุฉ\nุนูุฑู ูุงุญุฏ ูุนุดุฑูู ูุงูููุง\nุชุญุจู ุชุตูุฑู\nูุนุฑููุฉ ุจุงูููุทุฉ	neutral
amharic_dev_00212	ุจุนุถ ุงููุงุณ ุชููุฑ ุงูู ุงูุง ูุจูู ูู ูุฎุณุฑูู ุจุงุด ุชูููู ุงูุจุฑ ุญุงุฌุฉ ุบุงุถุชูู ุฎุณุฑุชูุง ูู ุดุนุฑู ูุงูุจุงูู ๐ @user	negative
amharic_dev_00213	@user ูู ุบุงุถุชูู ููู ุทุนู ู ุดุจูู ูุฒูุฏ ุจู ูุนุงููุฉ ุงุจู ุฃุจู ุณููุงู ุฑุถู ุงููู ุนููู\n๐ข	negative
amharic_dev_00214	@user @user ูุฑูุจ ููุญูููุง ุฑูุจุชูุง ูุณูููุฉ ุบุงุถุชูู ๐ข	negative
amharic_dev_00215	ูุณูููุฉ ุบุงุถุชูู @user	negative
amharic_dev_00216	@user ูุจุงู ู ุงูููุ ููุงู ูุงุดู ุบุงุถุชูู ุทููุฉ ูุญุฏุฉ ุนูุฏ ูุงูุฏููุง ููุงุด ูุนุงูู ุชุฑูุญ ู ุงููู ูุง ูุฑูุญ	negative
amharic_dev_00217	ูุงุบุงุถุชููุด ูู ุณูุงุชูู Utilisateur Facebook\nุบุงุถุชูู ูู ูุญุงุชูู ุงูููุงููู ุจุงุด ูุงูุจุนุซููุงุด ููุณุงุฌ ...	negative
amharic_dev_00218	ูุงุบุถุชููุด ูู ุฑุงูู ุณูุจุชุงุฑ..... \nุบุงุถุชูู ูู ุฑุงูู ุญุงุณุจููู ุงู ููุจู ๐๐	negative
amharic_dev_00219	@user ุบุงุถุชูู ุงูุฏุงุจุฉ ูุณูููุฉ ูุงุด ุฐูุจูุง ุจุงู ูุตุฑุงููุง ูููุง ูู ุงูุง ุฃูุชู ุงููู ูุง ูููุณ ุนูููู ุญุงุจูู ุงูุฐู ูุฑุงุถููู ุจููโฆ @user	negative
amharic_dev_00220	@user ูุณููู \nุบุงุถุชูู ุจูุงุฏู ๐ญ	negative
amharic_dev_00221	@user ุบุงุถูู ๐ฅบูุงุด ููุฑู ูุงุด ูุฎูู ๐คญ๐	negative
amharic_dev_00222	ูุง ุบุงุถูู ุงููุงูู ุงูููููู ุนุดุงู ูุบูุถูู ุงููุงูู ุงููููู .	negative
amharic_dev_00223	ูุง ุบุงุถูู ุงููุงูู ุงูููููู ุนุดุงู ูุบูุถูู ุงููุงูู ุงูููููู	negative
amharic_dev_00224	ููู ุบูุฑ ุบุงุถูู๐ข	negative
amharic_dev_00225	ุงูุจุงุฑุญ ุดูุช ูุญุฏ ุงูุงูุณุงู ูุณููู ุบุงุถูู ุจุงูุช ุจุฑุง ุถุฑุจุชู ุจุญุฌุฑุฉ ูุฑุงุณ ุจุงุด ูุจุงุช ูุณุจูุทุงุฑ ุงููู ููุฏุฑูุง ุนูู ูุนู ุงูุฎูุฑ ๐ฅบ๐๐	negative
amharic_dev_00226	@user ุบุงุถูู ุจุฒุงู ๐ก.. ุฑุจู ูุจุงุฑู ููู ุฎููุง ุงูุบุงูู ๐น	negative
amharic_dev_00227	@user ุบุงุถูู ูุณููู ๐ฅ	negative
amharic_dev_00228	@user ูููููููููู ุบุงุถูู	negative
amharic_dev_00229	@user ุงูู ูุฐุงู ุงููุฑุถ ูุฎููู ูุฏูุฑ ููุง \nุจุตุญ ูุงุชููุนุชูุงุด ูุน ุจูู ุงูููุช ุงูููุฑุตู  ุงููู ูุฏูุฑ ุนููู ุงููุณูุณู ูู ูุฌุฑุฏ ุดุฎโฆ @user	negative
amharic_dev_00230	@user @user ูุงู ูููุชู ุนููู ุจุตุญ ูุงุฒูุช ุญุงูุฏุฉ ุนููู ุทูู ุบุงุถูู ูู ุฑุงู ูุชูุฑูุฏ ุซู	negative
amharic_dev_00231	ุขู ูุณููู ุบุงุถูู ุฑุงุญ ููุณุญู ููู ุงูููุณ ูุฃูู ููุท ูุณุจูู ูุถุงุฆูุง ูููุงู ุนูุฏู 3 ุจุฑููู \nุงูุฏููุฉ ุงููุงุดูุฉ	negative
amharic_dev_00232	@user @user ูู ูุณูุณู ุฑูุญู ุจุฒุงู ุนูุงู ูุงูุบุฑุฏุด ุฎูุงุต ุจุงูุงู ุฃูุจุนุฏ ูููู ูุบุฑุฏ ๐\nูุงููู ๐๐ญ๐ญ ูุงูฺจุฑู ุฑุงูู ุชูุนูู ุนููุง ุนุจุงูู	negative
amharic_dev_00233	@user ุฏูุฎุชูู \nุดูุชูู ูู ุงูุงูู ุน. ุน\nุงูุจุนุฏ\nุบ. ุบ\nูุฐุฑู ุฑุงูู \nุบ. ุน \n๐	negative
amharic_dev_00234	@user @user ุงูู ุงูุจุนุฏ ุ	neutral
amharic_dev_00235	@user @user ุฑูุญ ุงุฌูุน ุงูุณููุจุงุช ุชุงุนูู ุงูุจุนุฏ ุงุญูู ๐คฃ๐คฃ๐คฃ๐คฃ๐คฃ	negative
amharic_dev_00236	@user ูููู ุงูุจุนุฏ ุชุนุฑูู ูููุชู ๐๐ฆ	neutral
amharic_dev_00237	@user ุดููู ูุน ุงููุงุณ ูุฑุงูู ุชุดุฑุฏุช ุงูุจุนุฏ ุณุงูู ุญุตููุง ูู ุงููุงุณ ูุฏูุฑูููุง ุงููุงู ูุงุนูุฏูุง ุญุชู ูุนูู	negative
amharic_dev_00238	ูู ูุชุจ ุงูููุณุงุฌ ุบูุท ูู ุงูููููุฑู ุทุงุญ ุนูุฏ ูุฑุง ูุงุฒุงูุช ููู ุฏููู ุฑุงุฌููุง ูุณูููุฉ ููุงุฒุงูุช ุชูุฑุง ููุณุงุฌุงุช ุงูุชุนุฒูุฉ ูู ุชูููููููุงโฆ @user	neutral
amharic_dev_00239	@user ููููู ูุจุฑูุจูุงู ุนูุงุจุงูู ููู ุจุตุญ ูุฐูู ุงููุงุฑู ุจุฑู ๐คฃ๐คท	neutral
amharic_dev_00240	@user ุนูุงุจุงูู ุจูู ููุฑุงุดุฉ ุจู ุนูู ุ๐๐๐๐๐	negative
amharic_dev_00241	ุณุฃูุช ุฒูุฌุฉ ุฒูุฌูุง. ููู ููุช ุ ูุงููุง ูุงุชุฎุงููุด ุงูุง ุญุงุฌ ุจูุช ุฑุจู ูุงูุฏูุฑุด ูุญุฑุงู \nูุงุชูู ุนูุงุจุงูู ุฑุงูู ุฎุงููุฉ ูู ุงูุญูุงู ๐คฃ๐คฃ๐คฃ	positive
amharic_dev_00242	ุนูุงุจุงูู ุจูู ุฌุงุชู ุทุงูุญุฉ ๐ธ๐ฆ๐ฐ๐ผ๐ธ\U0001faf0 @user	negative
amharic_dev_00243	@user ุนูุงุจุงูู ูุงุนู ุฐุงูู ูุชุฃูู ูู ุงูุฏุงุฎู ููุง ูุญุฑู ุณุงูู ๐ค๐ค	neutral
amharic_dev_00244	@user @user ูููู ุนูุงุจุงูู ๐๐	neutral
amharic_dev_00245	@user @user @user ุนูุงุจุงูู ุฏูู ุนุงูู ุงูุซุงูุซ ูุชุฎูููู ูุนุชุงูุฏู ุนูู ูุบุฉ ูู ุชููุฏูุง ูู ุดูุก \nุงููุงุณ ุทุงุฑ ุจุงโฆ @user	negative
amharic_dev_00246	ุฑุงู ุชุชุฎุจุท ุนูุงุจุงูู ุจูู @user	negative
amharic_dev_00247	@user @user ุชูุจูู ุงูุฃุฌุฏุงุฏ!ุ ูุตุฏู ุงูุญุฑูู ูุญุจูู ูู ูุฏูุน ููู ุจุงูููุฑู ูุฎูุงูุฉ ุฏููุชู ๐๐๐๐ ูุณููู ุบุงุถู ุงูุญโฆ @user	negative
amharic_dev_00248	@user ุบุงุถุงุชู ุนูุงุจุงูู ุญุฑูุชูู ููุจู ๐๐๐๐	negative
amharic_dev_00249	@user ููููููููููููููู ุนูุงุจุงูู	neutral
amharic_dev_00250	@user ูููููู ูุงู ูุงุฒู ุงูุฅูุณุงู ูุงูุชุบูุฑุด ู ูุงูุชุจุฏูุด ุจุฒุงู ูุงุณ ุชุจุฏูู ูุงูู ูุนุงูุง ูููููู ุงููู ุบุงูุจ ุงูุบุฑุจุงู ุจุฏุงโฆ @user	positive
amharic_dev_00251	@user @user ุงุฎู ุงูุง ุชุงุฌุฑ ุฌููุฉ ุนูุงุจุงูู ูุงุด ุฑุงูู ููุฏุฑ ุููุงุด ุณูุนุฉ ุฑุงูู ูุฏุฑุฉ ูุจูุฑุฉ ูู ุณูู ุููุน ุงุณุชุฑุงุฏ ุจุฏูโฆ @user	negative
amharic_dev_00252	@user ุงูุง ููุช ุนูุงุจุงูู	positive
amharic_dev_00253	@user ุนูุงุจุงูู ูุง ูููุชููุด ุนูุงุฐูู ูุถุญุชูู ููุงุฑู ๐๐๐๐๐๐	positive
amharic_dev_00254	@user @user @user ุนูุงุจุงูู ๐	neutral
amharic_dev_00255	@user ุนูุงุจุงูู ูุงุงู...ูุง ูุณูุชุด	neutral
amharic_dev_00256	@user ๐ ุนูุงุจุงูู	positive
amharic_dev_00257	@user @user @user @user @user ุนูุงุจุงูู ุญุชู ุจุงูุงุซุจุงุช ุชุจูุงู ุชุนุจุฏูู ู ูุง ูุงุฆุฏุฉ ุงุจุฏโฆ @user	negative
amharic_dev_00258	@user @user ุทุงุญุช ุจูุฑูุณุง ุชุญููุช ุฅูู ุณุงุนู ุจุฑูุฏ ูุทุจุทุจ ุนูู ุงูุชุงู ุงููุชุฎุงุตููู ู ูุญุงูู ุงูุฅุตูุงุญ ุจูููู.\nุนูุงุจุงูู ูุฐุง ุงูุฃูุฑ ูุบูุถ ููุงุฏ ูุบุงูุณุง!	negative
amharic_dev_00259	ุงูุง ูุณุช ุจุณุงุญุฑ ุจุตุญ ุนูุงุจุงูู ุฑุงู ูุงุนุฏ ุฏู ู ุฎุงุตู ุฏุฑุงูู\U0001faf0	positive
amharic_dev_00260	@user ุนูุงุจุงูู ุฑุงูู ุชูููุณู ๐๐\nูููุณู ุจุตุญุชู ุฎุงุฑุฌุฉ ุนููู ุงููููุณุฉ ๐๐ค	negative
amharic_dev_00261	@user ูููู ุญูุฑุฉ ุนููุงูู ุนูุงุจุงูู ููู ุชุชูู ุฒุงุจูุฑู ูุงุฏุงููุฏ	negative
amharic_dev_00262	ุนูุงุจุงูู ุฑุงูู  ูุงูู ุชุญูุณู ุชุนุฑูู ุชุงุฑูุฎ ุฏุฎูู ุงููุฏุฑุณู ุงูุง ููููู ุนูุงุจุงูู ููุชุงุด ูู ุชุญุจ ุชุนุฑู ุชุฌู ูุจุฑููู ๐๐๐	neutral
amharic_dev_00263	ุฏูุฏููุงุณ ูููุจู ุงููู ุชุญูู ูุง ูุง ูุทุงู ู ุฑูุฏ ุจุฒุงู ุนูุงูุณุ ุนูุงุจุงูู ุจูู ูุซุฑุช ุนูููุ ูุนุฐุฑุฉ.	positive
amharic_dev_00264	@user @user ุนูุงุจุงูู ุนูุฏูุง ุจุฒุงู ูููู ูู ุนุงููุชู ๐\U0001f972	neutral
amharic_dev_00265	@user ูููู ุงูู ุนูุงุจุงูู ุจููุง ูุง ุฐูุจ ูููููู	positive
amharic_dev_00266	@user ุนูุงุจุงูู ุจูู ุนูุฑูุช ูุจูุฑ ุตุงุฑููู ููุง ุงูุญูุช ูุงูุชุญููุด ููููู	negative
amharic_dev_00267	@user ุงูู ุนูุงุจุงูู ุนูุงุจุงูู ุงูุญุจุณ ุนูุงุจุงูู\nุณุฌูููู ุนูู ุฏูุชุฑ ุฃูููุงุชู ุฑุจูุง ููุชูู ูููุง๐๐	positive
amharic_dev_00268	ุนูุงุจุงูู ูููุฉ ุชุน ุฐุฑ ุจุตุญ\nwomen @user	negative
amharic_dev_00269	@user @user ูู ุงูุฌุฒุงุฆุฑ ุชุงุนูู ุตุญ ุบูุฑ ุจุงููุฏุฑุฉ ุจุฑู ูุณููุช ุฅูู ูุงูุงูุด ุนูุงุจุงูู ุจุงูู ุงูููู ุชุงุนูู ูุญูู ููุง ูููู	negative
amharic_dev_00270	@user @user ุญุจูุจู ูุชุง ุนูุงุจุงูู ุงู ุงูุง ุนูุงุจุงูู ุงูููุช ุชุจุฏู ุฏููุง ุงููุฑุฃุฉ ูุชุณุฎูุด ุฑุงุฌู ุงูุง ุฑุงุฌู ุงู ูููููุงโฆ @user	negative
amharic_dev_00271	ุนูุงุจุงูู ูุง ุงููุงุฒุฏุง ูุงุฐู ููุงู ูุง ุฑุงูุด ุชุฑฺจุฏ ู ุงูุฎูุนุฉ ุฑุงูู ุญุงููุงุชู @user	negative
amharic_dev_00272	@user ุนูุงุจุงูู ุนูููุง ูุฏุฑุช \nุฑูุจูุฑู ูู ุนุงุฏุช ูุฑุชู ุฏุฒูุฑูุฉ ุณูุง ุจูุชู ุญูุฒูุฉ๐ \nูุงุฏุง ููุงู ุฏุฒูุฑูุฉ ุณูุงุชู ูุจุงุจู ๐ฅด\nูุงุชุญููุด ูุงููู๐คฃ๐คฃ	negative
amharic_dev_00273	@user @user ุนูุงุจุงูู ุจูู ูุดุชุงูุฉ . ูุฎููู ูููุง ุฑุงูู ุฎูุฑ	negative
amharic_dev_00274	@user ููููู ุนูุงุจุงูู	neutral
amharic_dev_00275	@user ุงูู ุนูุงุจุงูู ูุงูุง ุฏุฑุชู ุนูุงุฌุงู ุฑุจู ุจุงููุฉ ูุงุดู ุนูุงุฌุงู ุงูุฑุงูุญ ูุงูุฌุงู	positive
amharic_dev_00276	@user ุนูุงุจุงูู ูููุด ุฃูุฑูุจุง ููุง ุงูุฑููุง	neutral
amharic_dev_00277	@user ุงูู ุงูู ุนูุงุจุงูู โ๐ป๐๐คญ๐คญ	neutral
amharic_dev_00278	@user @user ุนูุงุจุงูู ุงููู ููุฏููู ู ููู ุดูู ุงูุฃูุฉ ุงูุนุฑุจูู	positive
amharic_dev_00279	@user @user ุนูุงุจุงูู ูุง ุฑุงูุด ูุงูู ูุงูู ุุชููู ุบูุฑ ูููุงูุชู ุูุฃูู ุชุธู ุจุงููุงุณ ุงูุณูุก ูุชุธู ุฃูู ุงูุถุญูุฉ ูุชุชุฎุฐ ุฏโฆ @user	negative
amharic_dev_00280	@user ๐๐ป๐ ุนูุงุจุงูู ุชููููู	positive
amharic_dev_00281	@user ุนูุงุจุงูู ุชูุญุดุช ุชุดูู ุฃุณุฑุน KO ๐๐ฆ @user	neutral
amharic_dev_00282	@user ุงูุฃูู ูุงูููู ูุงููุงูุจุงูุงุช ูุบูุงุจ ุงูุชุฎูุงู ููุงูู ููุงูู ุซุงูู ุชุณูู ูุจูุงุฏู \nุงูุง ุฒุนูุง ุจุงุด ูููู ุงูุดู ููู ุชุญโฆ @user	negative
amharic_dev_00283	@user ุนูุงุจุงูู ุฑุงู ุชูุฑุนุฌ ูู ููู\nุจุตุญุชู ุงูุชูุฑุนูุฌุฉ โ๏ธ	negative
amharic_dev_00284	ุตุญุงุจูู ูู ุชูุงููุชู ูุนุงูู ุงูุนุงู ูู ูุงุช ุจุงุด ุชุจุฏุงู ุงูุณุจูุฑ .. ูุงุด ุฎุจุฑ ุนูููู ุ\n.\nุจุฏูุชู ููุง ูุฒุงู ุชูููู ุบุฏูุง ูุจุฏุงู๐ @user	neutral
amharic_dev_00285	@user ูููููู ุญุชู ูุฐู ุจูุช ุจูุงุฏู ููููู ุจุตุญ ุนูุงุจุงูู ุชุญุจูุง ูููุง ุงูุช ุณุงูุจู ู ุชุดุชู ุงูุฎูุฑ ูููุงุณ ุงูููู ููููู ุชุญุจ ุตูุฑุชูโฆ @user	positive
amharic_dev_00286	@user ุนูุงุจุงูู ูุง ููุฏ ุงูุจูุงุฏ ุนูุงุจุงูู @user	positive
amharic_dev_00287	@user ุนูุงุจุงูู ุจูู ูุฑุชู ุฎูุฑ ูููุง	positive
amharic_dev_00288	@user ุนุงุฏู ุฎููุง ุงุณุญุงู  ุนูุงุจุงูู ุจูู ูุงูููุชููุด\nููุงู ุญุชู ูุดูู	positive
amharic_dev_00289	@user ุฃุนูุงู ุชููู ุฃู ุงูุตูุญุฉ ุจุนูุฏุฉ ุนู ุงูุฅุนูุงู ูุฃูู ุชูุดุฑ ููุง ุจุตูุชู ููุงุทู ุจุณูุท.ูุถุฑู ุชุฌู ุชููู ูุฐู ูู ุงูุตุญุงูุฉ ุชุณูโฆ @user	negative
amharic_dev_00290	@user ุนูุงุจุงูู ุจูุง ูุงุชุตุฑุญู ูุงููู	positive
amharic_dev_00291	@user ุนูุงุจุงูู ุจูู ูุฌุฑูุฉ ุชุนุงูุฏููุง ๐๐\nุจุงุญูุตูุฑ ูู ุงูุจูุจู ๐๐๐	negative
amharic_dev_00292	ุนูุงุจุงูู ุดุฏุฉ ู ุชุฒูู ุ ุจุตุญ ุซูููุฉ ูููู	negative
amharic_dev_00293	@user @user @user @user ุฃูุง ูุนุชุฐุฑ ูููุณู ูุงูุช ูุญุธุฉ ุบุถุจ ูู ูุฑุฑุช ููุงูุด ูุงูุง ุนูุงุจุงูู ุงุณุชูุฒุงู ููุทุงูุฉ ูุง ุงูุซุฑ	negative
amharic_dev_00294	ูุตูุช ููุญุฏ ุงููุฑุญูุฉ ููู ูููุช ูุงุญุฏ ุญุฐุงูุง ููุฏูุฑ ุญุชู ุฑุฏ ูุนู ุจุงุณูู ุนูุงุจุงูู ุฑุงุญ ููุญูู ูุงุด ููุงุฑ ๐	negative
amharic_dev_00295	@user ูุง ุญูู ููุง ููุฉ ุงูุง ุจุงููู \nุนูุงุจุงูู ููุชู ุจูุถุงุก ูู ุงููุงุณ ุชุฎุชูู \nุฑุจู ูุดููู	positive
amharic_dev_00296	@user ููููู ูููู ูุฐุง ููู ูููุช ููุงุนู\nุฃูุง ุนูุงุจุงูู ุจูู ุชุงุนู ูุญุฏู ุชุฃูุฏุช ุงูููู ๐ช๐ช ูุนุฑููู ุดุงููุฉ ูุญูุฉ	positive
amharic_dev_00297	@user @user ุนูุงุจุงูู...\nุจูุนู ูุงุนู ุงูู ุจุงููุงุฆุฉ\nุจุตุญ ุดููู ุุุ\nุฃูุช ูู ุชุฑูุญ ุนุงูู ููุงุชุณุฎูุด ุจุฒุงู\nูุฃูุช ุฃููุช ุจูุง.โฆ @user	negative
amharic_dev_00298	@user ุนูุงุจุงูู ููุญุงู ุชุตุฑุง ูู ุงูุฌุฒุงุฆุฑ	negative
amharic_dev_00299	@user @user ุฎุงุทูู ุนูุงุจุงูู ๐๏ธ	positive
amharic_dev_00300	@user ูู ุนูุงุจุงูู ุงููู ุบุงูุจ ูุงููููุงุด	negative
amharic_dev_00301	@user ุงูุง ูุฒุฑุชูุงุด ู ุนูุงุจุงูู ูููุงุด ูููุง ุจุฌุงูุฉ ูุงุณ ุนูุจุงููู ูุจุญุฑ ุงูุฎ ููุง ูุงุดุงููุด ุงูุฒุจู ุทุฑูุทูุงุฑุงุช ููุณุฑูู ุงูุนูุฑุงู ูุงุฑุซู ุงูุฎ	negative
amharic_dev_00302	@user @user @user @user @user ุฎุฎุฎุฎ ุงุชููุณู ู ุฒูุฏ ุงุชููุณู ูููุง ูุตุงูู ูุงูุนูุงุดู ุ ูุงุนโฆ @user	negative
amharic_dev_00303	@user ุนูุงุจุงูู ูุตุฏู ุณูุงุณุฉ\nูู ุชููุงู ุฏูุชูุฑ ููุง ุบุงูู ุงูุฑุณุงูู ุนูู ุงูุนุงูุฉ ูุงุด ูุณุชูุงุฏ ููู ุงูุง ูู ูุงููุฏุฑุด ูุทุฑุญ ุชุณุงุคูู ุจุงโฆ @user	negative
amharic_dev_00304	@user ูุง ูุญูุฑ ูุงูุงูู ุนูุงุจุงูู ุฑุงู ูููุชูู	neutral
amharic_dev_00305	@user ููู ูุตุฏู ุงูุดุฎุตูุฉ ูู ููููุฉ ... ุจุตุญ ุงุฏุง ูุงู ุฌูุฏู ูุงุนูุงุจุงููุด ุงุฏุง ุตุญ	neutral
amharic_dev_00306	ุญุงุฌุฉ ูู ูุฐุง ุงููุจูู ุบูุฑ ูููุง ุนุฑูุชูุง ุ ู ูุงุนูุงุจุงููุด ุฃุณู ""ุงููุงููู"" ูุฐุง ูุทุจู partout ู ูุง ุฌุฏุนูุฉ ูู ุงูุดุงู ุฏ ุณุงุบููุณ . \nููโฆ @user	neutral
amharic_dev_00307	@user ุฑุงูุง ูู ุฅูุฑูููุงุ ูููุฒู ููุฌุฏู CAN 2024, ููุทูู ุงูุง ููุนุจู ูุฑู ุงูุฑูููุฉ... ูุงูุง ุงูุจุฑุงุฒูู ุฑุงูู ุฏุฎูุช ูุงูุฑูู ู ูุงุนูุงุจุงููุด.	positive
amharic_dev_00308	@user ููุฑุชููู ุญููุช ุจู ุฒููุง ูุฑุถ ูุฌุงุจู ุจูุงููู ููุนุจ ูุจูุงุตุชู ูุงูุฑูุงู ูุงุนูุงุจุงููุด ููุงู ููุนุจ ูุจูุงุตุชู ูุงุชุณูุณูููุด ุงููโฆ @user	positive
amharic_dev_00309	@user @user ูููู ุนู ุจูุงุชููุงุช ู ูุงุนูุงุจุงููุด ูุงุด ููู ูุฎูุต ูู ุงูุฎูุงุก ุฏูุฑุงูุช ู ุณูุณูุจู. ุดุญุงู ูู ุณุฌูู ู ุดุญุงูโฆ @user	negative
amharic_dev_00310	ุฑุงูู ุนุงูุดุฉ ูุงูุฑุงุฒู ู ุงูุง ูุงุนูุงุจุงููุด	negative
amharic_dev_00311	@user ูุงุนูุงุจุงููุด ุนูุงู ูุดูููู ุตุญ ูุนูุฉุ ุงูููุชุตูุงุช ูุงูุชูุงุตููุ ูุดุบู ุงูุถู ูุงุณูุก ุญุงุฌุฉ ุชุตุฑุงูู	negative
amharic_dev_00312	@user ู ูู ูุงู ุชุฒูุฎ ุนููู ู ุนูุงุจููุง ูุง ูุดููุด ๐๐	negative
amharic_dev_00313	@user @user @user @user @user ุงููุฑุนุฉ ุชุฒูุฎ ุจุดุนุฑ ุฌุงุฑุชูุง ๐ ุงูุจูุณุจูุฑโฆ @user	neutral
amharic_dev_00314	ุฃุทุงูุจ ุงูุญูููุฉ ุจุฌุนู 50% ูู ูุงุฑุฏุงุช ุงูุฏููุฉ ูููุง ูุชูููู ุงูุจูููุฒุงุฑูู.\nุฒูุงุฑุฉ ูููู. @user	negative
amharic_dev_00315	ุงููุณุฌุฏ ุงูุฃุนุธู ููู ุฏุงุฑูู ุฒูุงุฑุฉ ูู ูุฑูุณุง ๐ @user	negative
amharic_dev_00316	@user ูู ูุงุฐู ุชุญูุง ุชููุณ ๐น๐ณ ุฒูุงุฑุฉ ูู ุจูุบูุงุฏูุด ๐ง๐ฉ\n๐คฃ๐คฃ๐คฃ๐คฃ๐คฃ๐คฃ๐คฃ	negative
amharic_dev_00317	@user ูุง ูุนูู ุงูููููู ุนูุฏู ุฒูุงุฑุฉ ููุง ููุง ูููุงูุ	negative
amharic_dev_00318	@user @user ุฎุณุงุฑุฉ ุนููู ูููุง ูุจุงู ูุฑุตุงู ูููุง ุฒูุงุฑุฉ	negative
amharic_dev_00319	@user ูุฑุดุญูู ู ูุฏูุฑู ููู ูุจุงุฑูุงุช ูุฌููุนุฉ ุงููุงููุฑูู ุฒูุงุฑุฉ	negative
amharic_dev_00320	@user @user @user ูุงุด ุฏุฎู ุฑูุญ ุฌุฏูู ุงุตูุง ูู ุงูููุถูุน ููุญู ุฒูุงุฑุฉ ูู ุฌุฏูู ูู ุชุชู ุงู ุงุณุชุดุงุฑุฉ ููุง ุงู ุญุงุฌุฉโฆ @user	negative
amharic_dev_00321	ูุงู ุฏุงูุฎ ุฒูุงุฑู ๐คฃ @user	negative
amharic_dev_00322	@user ูุงูู ุงููุฑูู ุฒูุงุฑุฉ ูุงูุงูุงุฑุงุช ุฑุงูุญ ูุจุนุซ ุณููุฑุฉ ูุทูุฑุงู	negative
amharic_dev_00323	@user ูุงูู ูู ูุฎูููุง ุฒูุงุฑุฉ	neutral
amharic_dev_00324	@user ูุด ูุดุญุงุญุฉ ๐ุฒูุงุฑุฉ ููู ุจุฑู ๐๐	negative
amharic_dev_00325	ูุง ุง ุง ุง ุนูู ุญุฑฺจููููุง  ูุงุจุฑูุงุช ุงููุงุจุฑูุงุช ูุง ุง ุง ุนูู  ุชูุฑูุทุง ู  ุฒูุงุฑุฉ ู ุฅุณุชูุฒุงุก @user	negative
amharic_dev_00326	@user ุงุฎุทููุง ูุง ุฑุจู ุ ุจุนุฏููุง	negative
amharic_dev_00327	@user ุงุฎุทููุง:\nูุงูููุช ุบูุฑ ุงูุตูุฑุฉ ูุฐู ุชุญุทูุง  ูู ุชุถูุฑ ููู ุงูู ูุณูุทุฑ ..ุงูุฌุฒุงุฆุฑููู ูู ูุณููู ูู ุงูุฌุฒุงุฆุฑ ููู ูุชุฌโฆ @user	negative
amharic_dev_00328	@user ุงุฎุทููุง ูู ุฌุฏ ุงูุณูุงุณู ุงูู ูููุง ุงููููุง\nูุงูุช ุชุบุฑูุฏุงุช ุชุงุน ุถุญู ูุบุฒู	negative
amharic_dev_00329	@user ุงูุจุงุฑุญ ุจุฑู.ูุงูุช ูุฏูุฉ .. ูู ุฒูุงุฑุฉ ุนูู ููุตูุญุฉ ูููุงู ุชุนุทูู ูู ูููู ูุชุญุชู ูู ูุนุชุจุฑู ุงุฎูู .. \nุงุฎุทููุง ูุงูุดูุชุฉ ูู ูุงุชุฏู ูุง ุชุฌูุจ ..	negative
amharic_dev_00330	@user ูุฑูุฏ ูุทุน ุงูุนูุงูุฉ ูุน ุงููุณุชุฏูุฑ ุงููุฑูุณู ุนุฏู ุงููุงุถู ู ุงูุญุงุถุฑ ู ุงููุณุชูุจู ุฎุทููุง ุงุฎุทููุง	negative
amharic_dev_00331	@user ุฃุฎุทููุง ูุนุจุงุฏ ุงูุญููุงูุงุช ุฑุงูุฏูู ุบู ูุจูุฑ ุนูู ุงููุณูููู	negative
amharic_dev_00332	@user ูุง ูุฑูุฏูู ุงุจูู ูู ุจูุฏู ูุง ููุณู ุฌุฑุงุฆููู ุงูุจุดุนุฉ ุงูุชุงุฑูุฎ ูุง ูุฑุญู ุชุงุฑูุฎูู ูุตูุฉ ุนุงุฑ ุงุฎุทููุง ุงุฎุทููุง ุงุฎุทููุง ุงุฎุทููุง ๐ฉ๐ฟ๐ฉ๐ฟ๐ต๐ธ๐ช๐ญ๐ฉ๐ฟ	negative
amharic_dev_00333	@user ุฑูุญู ุงุฎุทููุง ุญูููุฉ ูุงุดูุฉ	negative
amharic_dev_00334	@user ุงุฎุทููุง ุจุฑูุ ุจู  ุจุญูููุชู ุจูุณุคูููู	negative
amharic_dev_00335	RT @user ููุงูู ู ูุฐุงุจ ูุง ูุฑูุฏูู ุงุฎุทููุง ุงุฎุทููุง ุงุฎุทููุง ุงุฎุทููุง ุงุฎุทููุง ุงุฎุทููุง ุงุฎุทููุง	negative
amharic_dev_00336	@user ๐๐ุญุชู ุงูุฑูุฌูู ูุฒูุงู ูุง ุฎู	positive
amharic_dev_00337	@user @user @user @user @user ุงูุฒุงููุฉ ุฑุงูู ุฒุงููุฉ ูุง ุฎู ููููููู	positive
amharic_dev_00338	@user ุงูุฌุฒุงุฆุฑ ุจูุฑุฉ ุญููุจุ ููุณ ุงูุงุ ุงููุทุจ ุงูููู ูู ุชูููุง ุญุชู ุณูุบููุฑุฉ.ุงูููู ูุง ุฎู	positive
amharic_dev_00339	@user ุฑุจูุง ูุนุงูู ูุง ุฎูโค๏ธ	positive
amharic_dev_00340	@user ูุฏูู ูู ููุช ุฎููุฌู ุงู ูุดุฑูู ููู ูุฏุงูู ูู ุฏููุฉ ูุฌุงูุฑุฉ ูู ุฃุธู ุฃู ููููููุง ูุฎุชูู ูู ูุฐุง ุงูุงุฎุชูุงู ูุง ุฎู ุงููููโฆ @user	neutral
amharic_dev_00341	@user @user ุงูุญูุฏ ููู ุนูู ุณูุงูุชู ุฎููุง ููุงฺจุฉุ ุญุทู ูุงููุงุฌุฉ ูุงูุฑููุดู ๐ุ  ุงูุง ุฑุงูู ูุฎุงู ูุทูุนุ  ููุนุฏ ุงูุชุญุช ุจุฑูุ  ุฑุงูู ูฺจุตุฑ ูุง ุฎูุ ๐	positive
amharic_dev_00342	@user @user ูุงุด ุจูู ูุง ุฎู ุจูุนูู ูุฏุฑ ุงููู ูุงุดุก ูุนู ููู ุงูุถุญุงูุง ุฑุจู ูุนุทููู ุงูุตุจุฑ ุงูุง ููุงู ูุงู ุงููู ุฑุงุฌุนูู ุงููู ุดูุฏุงุก	positive
amharic_dev_00343	RT @user ุฑุงูู ููุช ุจุงูุฑุนุจ ูู ูุงุด ุชุจูุฏููุฉ ุชุงุน ุฒูุงุฑุฉ ูุงูุฑูู	negative
amharic_dev_00344	@user @user ูู ุนุงุตูุฉ ููุฑุญูู ุฏูู ูุฎุฑุฌู ูู ูุฑูููููู ูุงุชุฎุงููุด ุชุจูุฏููุฉ ูููุง ูููุง	negative
amharic_dev_00345	@user ูู ุงููู ูุชุจูุฏู ุฃูุซุฑ ูู ุชุจูุฏููุฉ ุฅูุฑูููุง ๐๐	negative
amharic_dev_00346	@user @user ุชุจูุฏููุฉ ููุบูุงููู ููู ุฏููุชู ุฑูุญูู ูุฐุง ุดุญุงู ๐๐๐๐๐๐ @user	negative
amharic_dev_00347	RT @user ุงูุญูุงูุงุช ูุฐู ุฎุฏูููู ุนูุฌุงู ูู ูุฌุญ ุจุงูุบุด ูุชุจูุฏู ุชุจูุฏููุฉ ุงูุนูุฑ ...๐ @user	negative
amharic_dev_00348	@user ููุฑ ุณูุฑุงู ููู ูุฑุฉ ูุตูุฑูู ูููู ูุงุจุณ ููุณ ุงููุจุณ ูููู ูููู ุชุจูุฏููู ูุงููู	negative
amharic_dev_00349	@user ุชุฎููู ุฎูู ููุง ุงุจูู ููุง ุจุงุจุงู ููุง ูุงุญุฏ ูู ุนุงุฆูุชู ูุจุนุซ ููุญุฏุฉ ูู ุงูุจุฑููู ู ุชูุถุญู ู ุชุดูุฑ ุจูู ูุฏุงู ุฑุจู ู ุนโฆ @user	negative
amharic_dev_00350	@user ุชุจูุฏููุฉ ูุง ุฌุฏ ุจุงุจุงูู	negative
amharic_dev_00351	@user ูุงุด ูู ุชุจูุฏููุฉ ุฏุงุฑ	negative
amharic_dev_00352	@user ุฑุงุญ ุชููู ุชุจูุฏููุฉ	negative
amharic_dev_00353	@user ุฃูุง ุดูุช ุจุฒุงู ุฌูุงุญุฉ ุจุตุญ ุฌูุงุญุฉ ูุซู ูุฐู ุณูุญูู ุจุฒุงู ุชุจูุฏููุฉ	negative
amharic_dev_00354	@user @user @user ุงูุง ุงูุฒูุงุฑุฉ ูุฐู ุงุตูุง ูุงุฑุงููุด ูุฑุชุงุญุชููุง ูุฎุงููุฉ ูู ุชุจูุฏููุฉ ููุฌุฏููููุง	negative
amharic_dev_00355	@user @user ุฑุงู ุชููู ุชุญูุง ุชุจูุฏูู ูุงููุถุงุฆุญ	negative
amharic_dev_00356	@user ูุด ุชุจูุฏูู ุชูุฑููุฏ	negative
amharic_dev_00357	@user ูุฒูุฉ ูุงูุฏุฎูููุด	positive
amharic_dev_00358	@user ูุฒูุฉ ุชุจุฏู ุงูุชุงุฑูุฎ ููููู	positive
amharic_dev_00359	@user ูุฒูุฉ ูุงููููุด ูููุฏูู	positive
amharic_dev_00360	@user ุขููู ูุงุฑุจ ุงูุนุงูููู.  \nูุงุฌุจ ูุด ูุฒูุฉ	positive
amharic_dev_00361	@user @user ููู ูุฒูุฉ ุณููุชู	positive
amharic_dev_00362	@user ูุฒูุฉ ูุงุดู ูุฏุฑุฉ ุชุงุน ุนุฏุณ ุณุฎูู	negative
amharic_dev_00363	@user ูุฒูุฉ ูุฐู ุงููุฑุฉ ูููุช ุฑูุญู ๐๐	positive
amharic_dev_00364	@user ูุฒูุฉ๐	positive
amharic_dev_00365	@user @user ูู ุบูุฑ ูุฒูุฉ ุฎููุง	positive
amharic_dev_00366	ูุฒูุฉ ูุงูู ูุนูุฏ ุจูู ุงูุชูุงููุฐ ูุงุน ุฑุญ ููุฑุงู ุจ tablettes รฉlectroniques \n๐ @user	positive
amharic_dev_00367	@user ๐๐๐๐ูุญุฏุฉ ูุณูููุฉ ุฌุงุจุชูุง ูููุง ูุฑูุถุงู ุนุงุฏ ุจุงููุง ุฏุงุฑุช ูุฒูุฉ ๐ข๐๐	negative
amharic_dev_00368	@user ูุฒูุฉ ูุงูุง ุทุงุฑู ููู ููููููููููููููู	positive
amharic_dev_00369	@user ูุฒูุฉ ุงุนุงุฑุฉ	positive
amharic_dev_00370	@user ุนูููุฉ ุงูุงุตูุงู..ุงููุฒุงูููู..ุงุฑุญู...ู ุฎูู ุงูููุงุกุฉ ุชุฎุฏู ุจูุงุฏูุง..ุดุบู ูู ุฑูุฏุช ุณุงุนุฉ ูุฒูุฉ ููู	negative
amharic_dev_00371	@user ูู ุบูุฑ ูุฒูู ุฃุฎู ูุงูู ุจูุฑู ููู ุฃุฎุง ุทูุจุง ูุฑููุง	positive
amharic_dev_00372	@user ูุฒูุฉ ูููุด ูุญุณูุจูู ูุนุงูุง ูููููู	positive
amharic_dev_00373	@user ุงูุญูุฏ ููู ูุง ุฑุจู ููุนุงุฏ ูุงุจุงุณ\nุจูุง ูุฒูุฉ ุฑุจู ููุฑุญู	positive
amharic_dev_00374	@user @user ูุฒูุฉ ูุจููุญู ูุฎุฑุฌ ุนููู ููุด	positive
amharic_dev_00375	@user @user ูุฒูุฉ ุงูุฏุงุฑ ุฏุงุฑู ู ุฏุงุฑูู๐คฃ๐คฃ๐คฃ๐คฃ๐คฃ	positive
amharic_dev_00376	@user ุฑุงูู ูุชุนุฌุจ ูู ูุงุญุฏ ูุงุณ ุฑูุณูู ููุนุจุฉ ูุงู ูุณุจ ูููู ูุงูุงูุด ุงููุชุฑูุงู ููู ุชูุช ุงูุณูุทุฑุฉ ุนูู 118 ุญุฑููุฉ ูู ุฃูู	negative
amharic_dev_00377	@user ุงููู ูุดููู ูููุดู ุถุฑู ููู ูุฑูุถ	positive
amharic_dev_00378	@user ุตุงุญุจ ุงูุตูุช ุงููุจุญูุญ ุฎุฎุฎุฎุฎุฎุฎุฎ ููู ุฑุงู ุถุฑู ุบูุฑ ูููุง ุดูุชู ุฒุฑุน ุดุนุฑู ูุงูุชุฑู ๐ ูุงู ูู ู ุงูุฎููุซ ุชุงุน ุนุจุฏ	negative
amharic_dev_00379	@user ุนุงุฏู ูููุงู ุถุฑู ูููููููุง ุงุดุทุญ ูุดุทุญ๐๐	negative
amharic_dev_00380	@user ุจุญุฑูุด ุณูุณู ุฒูุฌู ุงูุนูุงุจู ุฏูู ููููู ๐	negative
amharic_dev_00381	ุงุฎุชู ูู ุงููู  ุณูุณู ุงูุฒูุฌ ุงููุตูู  ููู ุฑุงู ุฑุงูุญ ุจุงูุฏููู  ^^ @user	negative
amharic_dev_00382	@user ุณูุณู ุนููู ุชุนุฑูุุ	neutral
amharic_dev_00383	@user @user ุณูุณู ููุณู๐๐๐๐๐๐	neutral
amharic_dev_00384	@user ุณูุณู ุฑุงุบุจ ุนูุงูุฉ  ูุงูุงุฒุงู ุจุนูุฏุฉ ูู ูุนุฑู ๐๐	positive
amharic_dev_00385	@user @user ุงููุง ูุงููุด ุงุฎุช ุฑุงูู ุงุฎ ููุฑุฃ ูู ุฌุงูุนุฉ ุชุฎุตุต ุงูุชุตุงุฏ ุฏููู ููุงุฏู ูุงููุด ูุฏุฑุฉ ููุงูู ูุฐุง ุฑุขู ูุงูุน ุนุงูุดโฆ @user	negative
amharic_dev_00386	@user ุณูุณู ูู ุงุฎุชุงุฑูุง ูขู ุงูุช ุนูุฏูู ูุซูุฑุฉ ุงูุดูุงู ุงููุณูุทููู ุณูุฉ ุจุนุฏ ุงูุญุฏุซ.  ุนูุฏูู ูุฐูุฑุงุช. ุงูุฑุฆููุง ูุณุชููููู	neutral
amharic_dev_00387	@user @user ููุชุง ุณูุณู ุนููุง ุฎููุง ุนุจุฏ ุงููุงุฏุฑ\nุบูุฑ ูููุง ููุง ุญูููุง ูุน ุจุนุถ	positive
amharic_dev_00388	@user ุดููู ูุงููุฒูุง ููุช ูุนุฑู ูุญุฏุฉ ููุง ูู ุซู ุฏููุง ุชุตูุฑ ูุชูุฑููู ุจูุงูุต \nูุงูุญุงุฌุฉ ุงูููุฑ ุชุฏูุฑู ุชุญ	positive
amharic_dev_00389	@user ููุฑ ุจุฒุงู ูุฐู ุงูุตูุฑุฉ.	positive
amharic_dev_00390	@user ุจุฒุงู ูุงุฏ ุฎููุง ูุตู ููุงุญุฏ ุงููููู ูููููุด	negative
amharic_dev_00391	ุฏุฑุช ุจุฒุงู ุบูุทุงุช ูุญูุงุชู ูู ุฌุงูู ุฏุฑุช ูุงุฐ ุงูุบูุทุฉ๐๐ @user	negative
amharic_dev_00392	@user ููุงูู ุจุฒุงู ูุฑุญุงููู ุจุฒูุงุฑุชู	negative
amharic_dev_00393	@user ุตุญ ุซููู ุจุฒุงู ููุฐุง ูุงุฒู ุชููุถููู ุบูุฑ ุจุงูุณูุงุณุฉ ๐คฃ๐คฃ๐คฃ	negative
amharic_dev_00394	@user ุนูุฏู ุจุฒุงู ูุชุงุจุนูู  ูุจููููุชูู ุงุฐุง ุญุจุช ูุนุทููู ููุง  ๐	negative
amharic_dev_00395	@user ูุง ุฑุงููุด ุจุนูุฏุฉ ุจุฒุงู \n44	neutral
amharic_dev_00396	@user ูุฏูุฑููุง ูุฏูุฑููุง ูุงูู ุงูุญุฑูุฉ ุจุฒุงู	negative
amharic_dev_00397	@user ุดูุช ูุงูููุงุถุงูุงุช ุจุฒุงู ู ููู ูุงุฏุง ุฑุงู ุงูุทููุงู	negative
amharic_dev_00398	@user ุจุฒุฒุฒุฒุฒุฒุงู	neutral
amharic_dev_00399	@user ุฑุงุญ ุทูุญ weekend ุจุงุด ุญุชู ุงูุบุงุดู ูููููุด ุจุฒุงูุ ููููู alaise.	positive
amharic_dev_00400	@user ูุณุชููุง ุจุฒุงู	positive
amharic_dev_00401	@user @user @user ุงุณูุนู ูุงุงุงุฎูุงุต ุถุญูุชููู ุตุจุงุญ ูุด ุถู ูุฏูุฌุง ุจุฒุงู ูุจุทูุง ูุณุชูู ูุนุงู	negative
amharic_dev_00402	@user ููููููู ุฑุงูู ูุดูู ุบุงุดู ุจุฒุงู ุฑุงู ูุฎุจู	neutral
amharic_dev_00403	@user ุณูุฑ ุนุงูู ุจุฒุงู ๐	neutral
amharic_dev_00404	@user @user ูุชุญุณูุฉ ุจุฒุงู ุดูู ุงููุณูุณู #ุงูุนูู_ุจุงูุนูู ููุชุดููุฉ ุดูู ุงุญุฏุงุซูุงุง ู ุดุฎุตูุฉ	positive
amharic_dev_00405	@user ููููู ุจุฒุงู\nููุฑูุงููู ูุน ุงููุตูุฉ ูุฏูุฑ ุฎุงู ุฏุฑ	negative
amharic_dev_00406	@user @user ุนูุตุฑูุฉ ูุชุณุจ ุจุฒุงู ููุจุงูู	negative
amharic_dev_00407	@user ุญุชู ุงูุง ุนุฌุจุชูู ุจุฒุงู	positive
amharic_dev_00408	@user ุญุชู ุงูุง ุชูุญุดุชู ุจุฒุงู ูุง ุจูุฑุฉ ๐๐ค	negative
amharic_dev_00409	@user @user ูุงุฏ ุจุฒุงู ูููุง ุบู ูุชุง	neutral
amharic_dev_00410	@user @user ุจุฒุงู ุนููู	negative
amharic_dev_00411	@user ๐.... ุจุฒุงู...... ุนูุฏู ูุง ููุนุช ูุดูุงุด ูููุฒ	neutral
amharic_dev_00412	@user ูููุญุฉ ุจุฒุงู ุตุฑุงุญุฉ ุนุฌุจุชูู	positive
amharic_dev_00413	RT @user ุงูุฎููุณ ู ุงูุจุญุฑ ููุฑ ุจุฒุงู๐ค๐ @user	positive
amharic_dev_00414	ุญูููุง ุจุฒุงู ุงู ูุณููุง โจ\nุจูู ููุด ุจู ููุชูุจ๐๐	negative
