text	label
@user Loku u navela Ku tissunga, tissungueğŸ•³ï¸	negative
Aha... Auxeni ti nguavani	negative
Hahahahaha ih, tipo arrombaram o nhoster, ğŸ˜‚ğŸ˜‚ğŸ‘ https://t.co/OTTuJlkK3l	negative
Hiiiii ni livrarih !!	negative
@user ğŸ˜± oh hosi yanga ğŸ™†	negative
@user Eeeeh a nsati lwei a banana maj...	negative
Mu nga ni landzi... Na loya	negative
@user A ta ti nhelağŸ˜‚	negative
Wa ni Danissa ğŸ™„ https://t.co/1pXjbA0QSI	negative
U gama u Kuma 2 valores https://t.co/TfQYeTa4kI	negative
Ihhhhhhhhhhh... A chirami ka lomuu!!!!	negative
@user entÃ£o ungah ni trapalhari wena pah...	negative
Hahahah swa nsila sÃ³ ğŸ˜‚ğŸ˜‚ğŸ˜‚ğŸ˜‚ https://t.co/NILtGhy1pu	negative
Famba ni ma Range ya wena ğŸ˜‚ğŸ˜‚ğŸ˜‚ğŸ˜‚	negative
A xilungu xakarata. ğŸ¤¦ğŸ¾	negative
@user Famba ti gumula hi parede	negative
U bihile demais, lokhu ulangunta hansi a xikwembo swo kubha I mazwidji. ğŸ¤£ğŸ¤£ğŸ¤£	negative
Yuh... MamÃ£... A ni ku lavi minağŸ•ºğŸ¿	negative
I tinholuene a xwi Dari https://t.co/hAYe2sMVrB	negative
@user Wa hlanha lweyiğŸ˜‚ğŸ˜‚	negative
@user KI estÃ¡ a criar um Vuku Vuku grande sabe	negative
Messi Wa Nhine ğŸ˜‚	negative
@user ğŸ™† hosi yanga ğŸ˜¹ğŸ˜¹ğŸ˜¹	negative
@user Uta ni dhlaya	negative
Xitomb* xa wuako https://t.co/r5w8GnhRYw	negative
Ih ni livrari, yu. https://t.co/BRPTViLFJc	negative
Ho hi danissa wena wananga https://t.co/zWhrWVFQ4i	negative
@user WuaağŸ˜… swa ma SUPERA PATRICK ani tendereğŸ˜…	negative
Hi tafa hi ndlala	negative
@user Namuntlha nada baiye, a xirhame ci demanji	negative
Suka, xtapora: Niti dlela male ya Mina ğŸ¤ŒğŸ½ Toh ta falar, Noh ti dlela male yah Mina ğŸ˜‰	negative
@user Hambi uku nhÃ³ ğŸ™„, um dia uta sunguna ku phuza na mesmağŸš¶ğŸš¶ğŸš¶	negative
Swi mbeni... Mas vale u mielaaaaaaaa	negative
Famba uya ti fassağŸ˜¤ https://t.co/rXNiryPCRL	negative
@user Pimissa nhana u tsika madururo	negative
Barcelona ( Loko ni file mungane rilane..)	negative
Swa yentxeka nÃ£o tÃ¡ nada nice ğŸ˜­ğŸ’€	negative
Hahahahaha hadjakufa lweyi... Ã‰ provocar overdose isso! ğŸ˜‚ https://t.co/OicW5UEMax	negative
@user @user Swimbenhane wa dja ku ni hembissa ja ğŸ˜‚ğŸ˜‚ğŸ˜‚ğŸ˜‚ğŸ˜‚ğŸ˜‚	negative
Aha swa mbangue... Tsala swi mbeni... Hloko ya pao	negative
@user Nawene tem que o tsika madururo u pimissa nhana	negative
@user @user Ova na vuntswaka lowa nhloko	negative
Yuh... VÃ¡ djula ku ih hlongola ka tiku ledzi... Ih dhlawileh https://t.co/vpH6wgZKdd	negative
U ku um dois u mu ba ka xifuva a fa.... Inah... Swa djuleka ğŸ˜­ğŸ˜­	negative
Hosi yanga ğŸ™†ğŸ¾â€â™‚ï¸ğŸ™†ğŸ¾â€â™‚ï¸ğŸ™†ğŸ¾â€â™‚ï¸ https://t.co/fSlFykkTJ0	negative
Wali wa Dula ğŸ˜­ https://t.co/sQ0HCqUo7E	negative
@user Unga hi nhenhentsi wena	negative
@user A nguenile matilweneğŸ˜­	negative
Ikhali mina ni zunga waku djokuni tolovela - sg	negative
@user @user Vha ta dlayağŸ˜­	negative
@user Swa kharata mpela... Khambi... Funtsi a ih swi tsiki... ğŸ˜”	negative
U la kuta ka mina Ungati na usiku U zama zama kuni phazamisa ... U la ku nivuyisela a gono ni meticali	negative
ğŸ˜†ğŸ˜†ğŸ˜†ğŸ˜†ğŸ˜†ğŸ˜†ğŸ˜†ğŸ˜† A xizame da kwapa mesmo https://t.co/NHgwJMAfrx	negative
@user Mas Khasi a u teke nsati hi maka muni!?	negative
Famba ti kundza invejosa ğŸ¤£ https://t.co/j7E0qcKys1	negative
Ceh Ina ka! I para hi ku yini? https://t.co/HZbhA0cYkE	negative
Ka hissa kola missavene. ğŸ˜­ğŸŒ	negative
@user @user @user @user @user @user @user Hi maka Ruy ğŸ˜‚	negative
@user Swimbenhane vata hi rhivalela mas ava futseke...	negative
@user Uku ni dzo ğŸ˜‚ğŸ˜‚ğŸ˜‚ğŸ˜‚	negative
@user Hi ku pfinha, va hi sola	negative
@user ğŸ¤£ why uni lembrara lexwu ğŸ˜¤ wena wa kazata	negative
Va khu ndzaveta u va khuma la https://t.co/tPpLJUXwiQ	negative
@user @user Ani madururu npfana lweyiğŸ˜¹	negative
â€œA xwi chegui ka?â€ ğŸ˜­ğŸ˜­ https://t.co/8e8jEUeM0n	negative
@user @user Yu , tindzava ? Tsika mbangui mpfana e nita ku desprogramara	negative
@user Himpela wo nhimela nkama wa ko u fika, yena a poronto, ni mu fundile bem, mas wa karhata nhana....	negative
@user ğŸ¤£ğŸ¤£ğŸ¤£ğŸ¤£ğŸ¤£ğŸ¤£ğŸ¤£ğŸ¤£ğŸ¤£ğŸ¤£famba u ya ti gunha hi parede.	negative
Swa mbangue ni ma cigarri !!! https://t.co/3DZRDFHJw1	negative
U tsama u ui vona a mbongolo yi nga xidjana*? ğŸ¤” Ih leyi Lani ğŸ˜‚ğŸ˜‚ https://t.co/R3wBgvTXIc	negative
@user Tili luweme nase A Mulungu otisunga	negative
@user @user Unga ni lhanhele mina	negative
A xizame xo kwapa hiğŸ¥¶	negative
Hi Ta Hambana Hi Ma Central @user ğŸ˜­ğŸ˜­ https://t.co/duLp8VeqA0	negative
@user Afinal fere a vista? ğŸ˜‚ğŸ˜‚ğŸ˜‚ Ni dzivaleli a ni nga swi tivi ğŸ¤£	negative
@user Uta kuma timaka hi maka ma brincadeira	negative
@user Wena uni ntxumo uxi mahaka ni guele, ingui u bom pra puto puto, mas haaaaa	negative
Wenna @user hu ta ni txanissa ih voz man https://t.co/HyFpfT0aJZ	negative
@user Va mu tlelile pah ğŸ˜­ğŸ˜­ğŸ˜­ tlelaaa!!!	negative
Misava yi Bihile ihhhhğŸ˜¤ğŸ˜¤â¤ï¸â¤ï¸ğŸ¤²ğŸ¤²ğŸ¤²ğŸ¤² @user	negative
Tiva Hini hi khu fassa ğŸ˜¡ https://t.co/y62SJaptDz	negative
Hi dlawile ğŸ¤£ğŸ¤£ğŸ¤£ https://t.co/eDAoFMhw7s	negative
â€œKasse mamana ya wena ii herioaâ€ğŸ˜­ğŸ˜­ğŸ˜¹	negative
"@user @user @user @user Himakha mune lesho, Em Moz seria """"ku ba mpama mina"""" durante."	negative
U La Ku Nitxintxa My Baby! U La Ku Nitxintxa My Baby!	negative
@user @user Nitaku panhula hi xinwui* xa tiroğŸ˜‚ğŸ˜‚	negative
@user Unga ni lhekiğŸ˜¡	negative
Mina ningue fambi hi lane	negative
A xizami ehhh ğŸ˜­	negative
Na Unitiva tem OpiumğŸ¥º https://t.co/Wqn5g9ZB9M	negative
@user Wa nsila lweyii... ğŸ˜ª Damnnnnnnn	negative
@user Senhora atirha hospital privado lani a humaka kona vatwa hiyena vana vayena angava pfumeli vatlanga na vana vanwani @user @user @user	negative
U ta swi vona. https://t.co/2UVVwSX9cv	negative
@user @user Pfutseka! Para ti que ttaste	negative
@user Heee ... ha ni wa lewso mina ğŸ˜­ğŸ˜­ğŸ˜­ğŸ˜­	negative
â€œWa Vizinhouuu Nikonbela Ko Loyiwaaaaâ€ https://t.co/pLSSvDPvKL	negative
Nitaku panhula ih xinwe xa tiroğŸ˜‚ https://t.co/Sx54jesXJW	negative
Nako male ya mu phuntissa https://t.co/BFe0HqToDa	negative
@user Depois saem hi matalane Vha buya vhata yih hlupa	negative
Swi mbeni e mÃ¡ vagwi ya mÃ¡ like	negative
Vamos demostrar solidariedade masculina! A XI pfutseki https://t.co/qn4RlxH9XZ	negative
Manhokonhoko tsem ... ğŸ¤¦ğŸ½â€â™‚ï¸ğŸ¤¦ğŸ½â€â™‚ï¸ğŸ¤¦ğŸ½â€â™‚ï¸ SWA ti mbangue ni ma cigarri leswoooo...ğŸ˜©ğŸ˜©ğŸ˜©... Lol... Just jkn https://t.co/pYQyQ2p0bA	negative
Vataku yivissa mova mamanou, owooooooh. Wa tlanga wena. Keep tlanguing, uta dzila. https://t.co/lraQGWA6Gg	negative
@user Unga lhai, lava vÃ¡ lhayaka swaku kuni ma gerador nem a vÃ¡ kutive Albasine cola ka maputsu, ambi bobole loko kungana placa ava ku tive, ja vÃ¡ tiva ma gerador ya tiko, hewenou, hambe male kona ma gerador a mana gasolina pru falta ya orÃ§amento.	negative
@user @user A vhula vhula ngopfu problema	negative
A biwile hi xoque Mano Mone txiii https://t.co/PNAkM0lTWT	negative
nitaku panhula hi xikwe xa tiro lÃ¡ ğŸ˜‚ğŸ˜‚ https://t.co/FiACRWQC5t	negative
Hambi honi nhenha kassi wani nhenha wayi uni nhenha ğŸ¶ Mavelevele Hustler ğŸ”¥	negative
Haaaaaaaaaaaa... wa hemba https://t.co/GOXN197h9l	negative
â€œXitombo xa zaidaâ€	negative
@user ya pokehh o xpantuu.. #l0lzz	negative
Aweh.. A tihlu ğŸ˜­ https://t.co/mN1n4oBCLW	negative
Xa gwirha Hiiiii a XI vojani https://t.co/VRm28vvNFV	negative
@user Ahu xitwi xizami papÃ¡ ğŸ˜­	negative
Conforme Muswivonaka va timile maguezi... khanimambo EDM	negative
Hi honili ini jÃ¡? https://t.co/gKpCYwW1W7	negative
ğŸ‡§ğŸ‡·ğŸš¶â€â™‚ï¸ğŸ’‡ğŸš´: ColisenÃ§a ğŸ‡²ğŸ‡¿ğŸš¶â€â™‚ï¸ğŸš´: Awe Xitombo xa mwako uly istrato xanhine wako lexy.ğŸ˜‚ğŸ˜‚	negative
Cada porcaria... Hosi yanga	negative
Edjoo. Fria ta kwaparğŸ˜‘	negative
@user A u tivi ntxumu	negative
Para depois anga nandzikeğŸ—‘ğŸ™†ğŸ½â€â™€ï¸ leswo swa ma foto hum https://t.co/KywAT2Ot1a	negative
Fui dar uma chance a sushi swani luma ndzene	negative
Himina muyivi WA botija ğŸ˜‚ğŸ˜‚ğŸ˜‚ğŸ˜‚ğŸ˜‚ https://t.co/mMuRG79ePa	negative
Manter estrada que estamos a pagar?ğŸ˜‚ğŸ˜‚ munga hilhupi	negative
Ka hissa lah Kah maputso.	negative
Marido: (apÃ³s ter pedido chÃ¡ hÃ¡ uma hora) serÃ¡ que ni ta kweva a chana namutla. Esposa: u ta kweva boy, aliÃ¡s boss. Marido: hi mani boy? Esposa: ni phazamile, hi wena boss. Assim estamos na esquadra ğŸ¤·ğŸ½â€â™‚ï¸	negative
Ku gama ku humelela Mabandido ğŸ˜­ https://t.co/EhALU9zITQ	negative
@user Swi tivissi swi biya kkkk	negative
@user WA loya ğŸ˜‚ğŸ˜‚ğŸ˜‚	negative
porras ya, swi tÃ¡ gama hi merda	negative
Bom rapper. A gama ku biwa ğŸ˜­	negative
@user XÃ´ lava kunha sÃ³! Mara WA XI lumbeta	negative
Fotos do IDAI tsika ku hi hembela https://t.co/YtQx0NpflH	negative
@user Ku biya kwakuğŸ˜‚ğŸ˜‚	negative
Nem Ã© WOW... kasi a ni ya kwini	negative
Matximba yaku ingui swa mahala ğŸš®ğŸš¶ğŸ¾ğŸƒ https://t.co/6FfdNrx1pp	negative
@user Wa biwa wene	negative
@user he Ningoss ani voni ku biha loku hiya hala ka Twitter na whtspp mara ka facebook swibihini. Niri Khombomuni-Mozambique	negative
@user hiiiiiiii wa ni xicha :-(	negative
Hawena hinga ni tsika pah https://t.co/RM9k5zuWsn	negative
@user epa, a swi dare	negative
Utwa mbangui wena https://t.co/ER3oeSGkBJ	negative
@user Ina ku jika jika ntsena	negative
Ni ta ku ronha gotwana... ğŸ¶	negative
@user ni khome buti @user	negative
@user sister lowi hikuya himina angatekiwange end ana vana vanarho va papa vo habana end angangeni kereka nabiya wa phuza	negative
A vavasati ya tswira a tibi bem hi nhloko http://t.co/aoShU99c7f	negative
@user rixile vha haxi leswi ningakaswona namuntlha swivhavha ngopfo ğŸ˜­ aswihambananga no bhukela a T V yokala yinga vulavuli ka xiphemu lexo sungula nita muvhona kola ka twiter @user @user @user	negative
Tivha yini hi paixao wenaa https://t.co/7tX3hRbQSn	negative
@user Oh Ok xÃ´ niku txiketile	negative
@user wa gwira weni pa	negative
@user Va xisati hi kotala avana sapoti wansati hambi loko ari president u tsaka hi kuxaveliwa vatlela vadiziwa. niri la moz	negative
ğŸ˜¹ğŸ˜¹ğŸ˜¹ğŸ˜¹ğŸ˜¹ EDM, djoh... Wa hi danissa	negative
Wa famba o duwuliwa	negative
@user famba txuta hahaha. ğŸ˜‚	negative
@user @user @user minga valavuli hi @user mbilu ya mina ya vava vahaxi....	negative
Ihhhhh ih ih ih um perigoso awenaaaaaa	negative
Wena awu ni tendere nkata '8)	negative
Fissekane ni Barcelona yenu ğŸ˜‚ğŸ˜‚ğŸ˜‚ğŸ˜‚ #HallaMadid ğŸ˜ğŸ˜ğŸ˜	negative
@user Wa Loya wene ğŸ˜‚ğŸ˜‚ğŸ˜† hi tsiki	negative
@user @user sangula ku switwa, ti vutisa ku va ngave va endle yin xakahle namuthla	negative
"@user Niva vonili lavaka mhani ku va xongile swinene. ndlela ya Xai Xai na yona ya penga, na leswa maphorisa loko swiku yimisa swo tirha ro """"no problem, the problem is coca cola"""" ğŸ˜‚ğŸ˜‚"	negative
Aweennn ..Ka hissah.. nem haku sebaa doze	negative
Ih piki sixti i dii nirmil. Ftsekeee. Maluuuuco	negative
Nada a swi twsisiseke https://t.co/cL7OuSCkJC	negative
@user Tsek wena satan	negative
Wa yitiva @user wena kumbe hota mbangui loko yi nhiwe himbutiğŸ˜‚ğŸ˜‚ğŸ˜‚ğŸ˜ğŸ˜na weğŸ‘‰ @user ğŸ˜‚ğŸ˜ @user @user	negative
Yeah,Famba a la mierda https://t.co/heAC7D7oC2	negative
Dadinhaz around tha world hani tsikka ka maputo afamba a tshama london	negative
A mbangui mu dzahaka Yowe yowe	negative
@user ğŸ˜­ğŸ˜­ ni caralile boy	negative
xitombo xa ngwako https://t.co/U46JiZThRL	negative
Uwani me chamou de marandza ihğŸ˜­ğŸ˜­ğŸ˜­ğŸ˜‚ğŸ˜‚ğŸ˜‚ğŸ˜‚ğŸ˜‚	negative
Futseka wena. Famba ti ginha hi xpinhosa https://t.co/ssxYifA5sY	negative
@user Ni ta rendera	negative
Aah futsek wena https://t.co/quvUb9o7DF	negative
Xitombo xa nhomphi ğŸ™„ğŸ˜’ğŸ˜‚ https://t.co/fPXTRtSpMN	negative
@user Xitombo xa wanku	negative
A va vassati va loya!	negative
Futseka wena eh https://t.co/TxMaHlRaNU	negative
@user Amitxino ya barhule yifambisana nitisimu ta yenağŸ˜‚iswo rhuketela hikwaswo @user @user @user @user @user	negative
ğŸ˜‚ğŸ˜‚ğŸ˜‚ğŸ¤£ Wa hlanya wena Kea bona. https://t.co/U7wuu4u964	negative
@user @user @user @user admitam, mu vha yive nwine.	negative
Fisseke wena pah https://t.co/U2SFMyevmu	negative
"#SabedoriaLocal: """"Leswi munga ka swona swi fana ni kuya rhinga Nyanga kumbe ya tirha"""" TI VONELE NGOZI MADALA!!! #nDota! #DÃ¡lvioMachava!"	negative
Wa hi hemba mane ğŸ˜ª	negative
Maputo ka hisa sorry la	negative
@user hahahah u ta rendera	negative
@user @user Essa noite ? Swa hila	negative
Loku u gwuira ni ta ku tsika ğŸ¶ ğŸ•ºğŸ¿	negative
ğŸ˜¹ğŸ˜¹ğŸ˜¹ğŸ˜¹ğŸ˜¹ğŸ˜¹ loku u dlhawa hi precoce ğŸ˜¹ğŸ˜¹ https://t.co/0E43GekZkq	negative
@user @user Aaaaassh wena mani. ğŸ˜©ğŸ˜©ğŸ˜©ğŸ˜©ğŸ˜©ğŸ˜©ğŸ˜©ğŸ˜°	negative
RT @user Obama*, ce u dakwile (8)	negative
Niku zwÃª tititi, a ni ngueni mina ! ğŸ‘€ğŸ™Œ	negative
@user lol::&gt;&gt; shii manoo::#slowly:: wa biwa	negative
Sono.. U kwini	negative
@user Ya mas iiiih, nada ğŸ˜‚ğŸ˜‚	negative
Mhunti ya mona @user Soweto-em Casa Chokwe https://t.co/sP1cUADd2f	negative
Va Tsike bai... https://t.co/YxW9Q56TBL	negative
@user utah ni dlaya salubri!!! 1#	negative
@user Va delela! Ntlha	negative
Kasi swa vava ku tsikiwa ğŸ˜­ @user Cidade De Chokwe https://t.co/1mj906huNj	negative
ğŸ‘ UNI TXOVA YINI ğŸ‘	negative
@user @user high dj himi kuma kahle hirila Mozambique ka KHUBU hi 92.0 . I ADOLFO MIMBIRE KA KHUBU	negative
@user hi nga ribali futhi na mhaka leya Ku dlaya vanhu va ti albino	negative
Swa vavissa vakithi, ho ondza na vo kuluka...	negative
@user @user #Topic i vona hiku na loku mihlangana anipfuxeliwi, niblockiwa ka ti social ntwrk	negative
Acula ai = aquilo ali. Mawaku ğŸ™ŒğŸ¾ğŸ™ŒğŸ¾ğŸ™ŒğŸ¾ğŸ˜‚ wa hi danissa juro	negative
GÃ©rdio paaah,pastor,pastor dza ku hini a hi sizi mani ! ğŸ˜‚ğŸ˜‚âœ‹	negative
@user @user @user #HHW boti unga vileli Xikwembu xita hlayisa sesi vana mbilo ya sathana	negative
MMA IH PRIGOZO MANJI ğŸ˜‚ğŸ˜‚ğŸ™†	negative
U tadla biloko https://t.co/Q4vl8SgWNy	negative
@user Munganu leswi swa lhanhelana bha , upimissa swaku o miss universo loku upfuka yuuu uli hansi	negative
Futsek wena eh https://t.co/ugmvB1cmlz	negative
"@user: @user AHAHAHAHAHAHA waHidanissaa N**sia :D :D""""oh ih Xixa hahahahhaha"	negative
A loko niko hi matilho lo bindza,minengue wo tiya	negative
@user HAHAHAHA FUTSEKA WENA...	negative
Utafa u siya ulombe himaka tinhama https://t.co/SXno6jtQBl	negative
Loku ungali wa mina swa yaswa ussussa mbilo ya mina	negative
@user Fvck U PhağŸ¤£	negative
Eish vo ni kama ca chapa-.-'	negative
HAHAHAHAHA yu yu yu yu wa hi danissa. https://t.co/G9a4Ycj66e	negative
Tsika ku hanha hutomi dza vamwanhane ğŸ˜Š	negative
Xtombo xa ngwako oskhâ€™an test us papÃ¡, donâ€™t play like that https://t.co/tGXCaQQI9m	negative
@user ğŸ˜‚ğŸ˜‚ğŸ˜‚ğŸ˜‚ğŸ˜‚ğŸ˜‚ho va nhenhentsa	negative
@user Angihambi nawe wathi ngimubi wena	negative
@user @user #HHW Sesi famba uya vonana na papa face to face uhlamusela mhaka ya wena papa va rhelela moya	negative
"@user: @user Famba Ti Nhela Nilza . eh eh eh"""""	negative
@user Ali exageram ih	negative
Ubhema ama drugs wena. https://t.co/s9OmoIx8Qi	negative
Uni endla yini hivu nanga mani nile xokwe 810dstv @user @user @user	negative
@user @user @user Wa pupuruka wena.	negative
@user @user Hunga kwati vavito ğŸ˜ğŸ˜ Ni dzivalele ğŸ˜ğŸ™ğŸ˜‚	negative
Nikombela ku etlhela ğŸ˜¢ğŸ˜“	negative
@user F U pah ğŸ˜‚ğŸ˜‚ğŸ˜‚ğŸ˜‚ğŸ˜‚	negative
ğŸ˜‚ mu randza xwa Mahala https://t.co/zfLAlW8zd5	negative
@user mina vhahaxi nipfukile ni ndlhua ni teka amungano wamina hitaya ntirweni nimukeme iwa hayo le'lheeeeeee,...ğŸ˜‚atwa axirhami katitimela la magude @user @user @user @user @user	negative
Auditoria wa matximba	negative
@user @user @user @user @user namina aniswi tivi swaku president mbalula di endle yini	negative
Famba ti kundza. https://t.co/gLaQ8IrnNk	negative
Na mina nile ku yingiseleni ka nongonoko lowu wo xonga swonghasi nirila Mozambique ka Khubu njhe @user @user @user @user @user @user	negative
Ubakka Va ta zwa ku vava	negative
"A loko wa nuna a baleca wa nsati nambe hele bonita... Xicona, xicona lexi xi balequisaca lueyi wa papa..."""""	negative
Wena u txela mate.	negative
Hahaha ka dlala...ğŸ¤¦ğŸ¾â€â™‚ï¸ https://t.co/OpGPm9O5Sj	negative
@user @user @user @user @user Kalhe kalhe loko mahari kona nwina akutleleki,aku humeki,aku fambeki,aku tirheki aku endleki ntxumu loko nwina mahari la yotsama hi yingisela muze mufamba	negative
@user heeee wenna ni tsiki	negative
@user U kundzekiwile bai.	negative
Eh, eh, eh. Ni livrari https://t.co/x5EZDa2bZ4	negative
@user Ntaku Greeka wena	negative
@user @user @user se buti Brian nwana wa hale ka hina u kahle ngopfu ka ku khenya xi Portuguese @user	negative
EdjÃ´ ' Aloko niku (%#%â‚¬&amp;%##) ni biwa hi Zululuane ğŸ™Œ	negative
Famba te kundza PAH.. Hahahahahahahahah https://t.co/k54UcyBZ7r	negative
@user rixile he skhokho, mina niku kuma hi app yinwani hambi leswi yi pfaku yi tsema tsema nina nwina nirila Mozambique ka Ncai-Ncai hi ntirho. @user	negative
A nuna wa wena i malandro	negative
Fambane mi te kundza nwine ok ? Estudos swa kho vha hambi ka kehele dza mani??? https://t.co/OkPURN3h43	negative
Nheeee ni tsike https://t.co/LHAxp8AyED	negative
deve nikuh loya XA loya	negative
uh dzah ih mbangue Mr Virgil https://t.co/t3G99KYn1t	negative
Swa fana hi tafa https://t.co/bz92zyRaVp	negative
@user Wa biwa lweiğŸ˜‚	negative
Uni Txova Yini &gt; http://t.co/WIRVhMCyog #Moneycomio #HipHopMoz	negative
hahahahahaha faxavor ya ğŸ˜¹ğŸ™„ don't âœ‹ğŸ½ https://t.co/FVxytGFrmR	negative
Khasi u djulaa niku hini mamanee..!	negative
@user kassi wa tsonana? https://t.co/NBAIXwwTHp	negative
Agana tigana lweyi wa mamane.. a tiya aya kuma nhimbou agama a swi teka a swivanani a swi peta DERENAJII https://t.co/44Py863ZR4	negative
@user Mas ni yetxi yini?? ğŸ˜‚ğŸ˜‚ğŸ˜‚ Unga ni loyissiğŸ˜‚ğŸ˜‚ğŸ˜‚	negative
@user Hahahahah Futseka Wena ğŸ¤£ğŸ™†â€â™‚ï¸	negative
@user @user #Topic uvona hiku loku hi hlangana anipfuxeliwi and ni bockiwa ka ti social ntwrk	negative
@user muhaxi mbilo yamina ya vava hi Chiefs...eshh niri Khombomuni-Mozambique @user	negative
@user hahahahhahahahahhaa txoka wena	negative
@user @user @user ni nga dlawi ğŸ˜‚ğŸ˜‚ğŸ˜‚ğŸ˜‚ğŸ˜‚ğŸ˜‚ https://t.co/oY4VszaAqx	negative
Timaka ku famba ngofo :: hi nhimile kola Maracuene @user Maracuene https://t.co/HNJ3BOEGbD	negative
Utd wa biwaa ğŸ˜¹ğŸ˜¹ğŸ˜¹ğŸ˜¹ğŸ‘ğŸ¼ https://t.co/pZbx692E9a	negative
Swi dja kufembiwa. ğŸ˜‚ğŸ˜‚ğŸ˜‚ğŸ˜‚ https://t.co/e4Lc99BoFP	negative
@user unga ni singuite ni mumu lÃ³	negative
@user ğŸ˜‚ğŸ˜‚ğŸ˜‚ğŸ˜‚ğŸ™ŒğŸ½ ni livrari. Txau	negative
Mom: Dii faz coisa xx Eu: busy cota Mom: futseka. Nkila waku o humi uxi nampfa lexi, ja wa yala. ğŸ˜‚ğŸ˜‚ğŸ¤£I love her	negative
Bwakakaka ni tsike https://t.co/7BiupolbMl	negative
Uhum ğŸŒšğŸŒšğŸŒš evita ya https://t.co/FWUWtmToUj	negative
@user wa biwa wene:-D	negative
@user ni kazalile phelassi	negative
@user @user ğŸ˜‚ğŸ˜‚ğŸ˜‚ğŸ˜‚ mwine mu tÃ¡ biwa jÃ¡... Ma ni lhekissa ğŸ˜‚ğŸ˜‚ğŸ˜‚ğŸ˜‚ğŸ˜‚ğŸ˜‚ğŸ˜‚ğŸ˜‚ğŸ˜‚ğŸ˜‚ğŸ˜‚ğŸ˜‚ğŸ˜‚ğŸ˜‚ğŸ˜‚	negative
Morning swa mbangue	negative
@user pfuxa: 1 Rafael Ndlhovu, ka Mavodze 2 Antoni Nyathi la Pitori 3 Cuvuka Valoyi ka Xisungele I ADOLFO KHOSA LA MOZ. KA KHUBU.	neutral
U womu sau?	neutral
@user Nina n'wina.Ahi fambeni hita fika le ka hour 12:00 mutxayeri ifambisa kahle nongonoko. Mina ni tsame la back seat la a Gwambeland. intukulo wa Gwambe na Dzavale xihluke xa Ngungunyane.	neutral
@user Ih KD Hawena	neutral
@user ja wena Stella.....	neutral
@user ğŸ˜‚ğŸ˜‚ğŸ˜‚ğŸ˜‚ğŸ˜‚ğŸ˜‚ğŸ˜‚ lo gaaaaaaa ni kume vanwani vantswa	neutral
#Gingirikani swiya hiko tembisana ka vona e ku sunguleni	neutral
Aloku niku im ğŸ˜› ğŸ‘Š_/ \_ğŸ‘Š ( . ) ğŸ† ğŸ‘– Ya ba buluko	neutral
@user sala kata ha to	neutral
ğŸ˜‚ğŸ˜‚ğŸ˜‚ U ta Djikimela dzi mu tsika https://t.co/pxFHVDOoXe	neutral
@user Loco vÃ¡ku nhika nikombela uni tlhamuxela bai namina ni djula fswolefswo	neutral
@user @user wasvivona svosvi, kopfukiwa. Hikhanga hi svihlaya lesvi khaaale.	neutral
@user ğŸ˜‚ğŸ˜‚ğŸ˜‚ğŸ˜‚ eka ğŸ¤®ğŸ¤¢ Teka famba Big ğŸ˜»ğŸ˜»ğŸ˜»ğŸ˜»	neutral
Kutta ka bacha https://t.co/5QD1HrZi6M	neutral
@user Help ka nhai mukomana	neutral
Ni Teka ni famba ou no dÃ¡ ko halağŸ¤”	neutral
"obuti wa hao yena a reng?"""""	neutral
@user A xitilo xa bobi hi xi?	neutral
@user Vatlanga ha lonağŸ˜‚ğŸ˜‚ğŸ˜‚	neutral
Kea tshosetsa mara o ke wena @user ğŸ¤£ğŸ¤£ğŸ¤£ğŸ¤£ https://t.co/09Po62odUD	neutral
@user @user @user @user @user swilo swa konağŸ˜‚ğŸ˜‚ğŸ˜‚ğŸ˜‚ hi voice ya Connizer	neutral
@user @user @user @user @user ku famba yin la Africa do sul?	neutral
Yena a ya kwine? https://t.co/irUvTsrPtb	neutral
@user Wasvitiva a kutsala hixitsangana ??	neutral
@user Akuna Xitombooo swaku thlanga ni Mboloooo ğŸ‘¯â€â™€ï¸ğŸ‘¯â€â™€ï¸ğŸ‘¯â€â™€ï¸ğŸ‘¯â€â™€ï¸	neutral
@user Vhondwa djow ğŸ¤¤ğŸ¤¤ğŸ¤¤ğŸ¤¤Xibhehe wa xi Tiva?	neutral
@user Wa txintxa ğŸ˜‚ğŸ˜‚ğŸ˜‚ğŸ˜‚ğŸ˜‚ğŸ¤£ğŸ¤£	neutral
@user ğŸ˜‚ğŸ˜‚ Conforme Me Swi Vhonaka Isto Requer Uma Conxienxia e Idade Elevada!	neutral
Kuna Xukela, la ka mina kuna Xukela,......kuna Xukela, lÃ¡ ka mina kuna Xukela! ğŸ”ˆğŸ”‰ğŸ”‰ğŸ”‰ğŸ”ŠğŸ”ŠğŸ”ŠğŸ”ŠğŸ”ŠğŸ”Š	neutral
Vata i kuma ximuxueneee, vaku Magumba haleenooo...	neutral
@user Awena, aku Duumm amamela, asvitwisisisa kahle ntiyiso linene ğŸ˜†ğŸ˜†.	neutral
Na mukha ni ya Kaya	neutral
Conforme mo swi vonaka ğŸ˜¹ğŸ˜¹ğŸ˜¹âœŒ https://t.co/8F8MWFLWxO	neutral
@user Conforme mu swi vonakağŸ˜‚ğŸ˜‚ https://t.co/q14pssV7cG	neutral
Bwakakaka, hi lhevana muito mal ğŸ˜‚ğŸ˜‚ğŸ˜‚ğŸ˜‚ https://t.co/psbqn6Jmbg	neutral
Va yi kwine a vangana va wena â¤ï¸ @user Vila olimpica do Zimpeto https://t.co/xj3eAxCmaa	neutral
@user @user @user @user @user Niku vonile na nifamba hi movha ani jahile niku vone ka nkuna ka palmeri	neutral
A Vasati laku Tawas	neutral
@user Mi svi vonakağŸ˜¹	neutral
@user @user @user ğŸ˜‚ğŸ˜‚ğŸ˜‚ ani nhlaya leswi ni swi vonaku	neutral
A LOKO NIKU HIIIN https://t.co/sxJic0i3WD	neutral
@user Lano a moya wa paraia inkwawu hu fambela kolomo, entÃ£o sÃ³ podi u ti lunguissela bavou, xi ta Teka xi tereto	neutral
A macena mÃ¡ loukizzzy muzaia ğŸ™‚	neutral
@user No mu txuvukissa lwehi wa papai @user	neutral
@user Varikufanirwa Ku adviser ani...	neutral
Unga andlhali lÃ¡ BAZARA mintxumu ya caia...ğŸ˜‚ğŸ¤£ğŸ¤£ğŸ¤£ğŸ¤£ https://t.co/KR6sjyT9i9	neutral
Todos escutamos mina ninguÃ© fambi yi lÃ¡ ğŸ˜‚ğŸ˜‚	neutral
Refiller Boy- hosi yamo ganga ğŸ˜¹ğŸ˜¹ğŸ˜¹ğŸ˜¹ğŸ˜¹ğŸ˜¹ğŸ˜¹ğŸ˜¹ğŸ˜¹ğŸ˜¹ğŸ˜¹ğŸ˜¹ https://t.co/Xj3huXLHkz	neutral
ğŸ¤£ğŸ¤£ğŸ¤£ pÃ´di ni xava!? Ndjaku kalhula a mintxumo... https://t.co/2FBlXFFhXA	neutral
Va makwerhu, a mungoyothaya. em Tomanine-GuijÃ¡, Gaza, MoÃ§ambique https://t.co/PxpU2FQply	neutral
Iii telivisor ya wena ya LEGOğŸ˜‚ğŸ˜‚ğŸ˜‚ğŸ¤£ https://t.co/LRhQPSojgG	neutral
@user Maji angana xi baciana lweiyo?	neutral
@user Mina ni pimisa ku tasi... O desesperado=Cliente	neutral
U S â€¦ #AQORMV @user Ndlavela https://t.co/xtzZGsDz9W	neutral
@user kasi Mina se nilo onha yini Ti tweets ta Mina amihlayi vahaxi....	neutral
@user kasse u txava hinni	neutral
@user vata rin Ka wena	neutral
Ni dzinginika na nsati wamina nthabiseng mashaba ka xokwe nwana mina inocente mathonsi na conny mathonsi ka xokwe @user .....	neutral
Le wena wa ba zoza? https://t.co/41BLaYxUvC	neutral
Phula minegue ni diwa atÃ© ku huma ndzilo https://t.co/O3aawHYLXc	neutral
Swa yantswa uti twisa hiku Loku uta famba vata sala vati busa @user Cidade De Chokwe https://t.co/BRaGmLGCwQ	neutral
Ahi tivaneni Mina ni leonildo wali chokwe wena ke ? @user ChokwÃ© https://t.co/bKYfgEbjlE	neutral
@user wa kala babu	neutral
Raha pfurha ka nsati wamina nthabiseng mashaba ka xokwe @user	neutral
@user @user Oww ok ih	neutral
Ya ya ya!! @user magoanine https://t.co/qZEDzncHJM	neutral
@user @user ğŸ˜ğŸ˜ğŸ˜ğŸ˜ğŸ˜ğŸ˜‚ğŸ˜‚ğŸ˜‚ğŸ˜‚ğŸ˜‚ Ka khulu lako swaswameta lo gaaaaa hi xikosi	neutral
@user mindzumba nina wena mais vehlo kuna moya nyana namuntla https://t.co/EESrwQOyit	neutral
Ku lhamba vavakulo	neutral
@user @user #Topic akuna ku hambana vahaxi na hlonge yinwani ntsena i respect...hi bula navona ive hi share navona ka ti social	neutral
@user wakutiva amagude dj @user akaya kaya ka mina	neutral
Xa ku txukatxukanhana mas a Keheleeeee ğŸ˜‚ğŸ™Œ https://t.co/Xe7Hpa00TH	neutral
ğŸ˜¹ğŸ˜¹ğŸ˜¹ğŸ˜¹ conforme mo swi vonaka https://t.co/XQCiW5slp2	neutral
@user @user taku endlela naha faka tinambara ta wena ka whatsapp leya xiputukezi	neutral
@user Rixile he skhokho, niku kuma kahle nirila ka ka Ncai Ncai e Mozambique! I ADOLFO MIMBIRE LA MOZ KA KHUBU.	neutral
@user hiri ni nghena	neutral
Hi ta ya ka wutomi !	neutral
Sesi lindiva niku yingisela kusuka dorobeni ra chokwe Mozambique kaya mbuya wayi tiva dstv kumbi wotwa @user @user	neutral
@user minjane vahaxi vhantokoto mina nipfukile nonyimela ankama waphaphama wu hela nita kota a kuya ntirwene, hikuva akutireke loko kahana nwina vhahaxi @user @user @user @user @user	neutral
Swili leswi u tivaka nguiza Hina ku lava hi nyombela? https://t.co/CY1JY0v3Jt	neutral
Ali mina ni: https://t.co/YOd0ufFhad	neutral
Ni tsundzuka Vicente sambo a putfontein police station @user ka xingange nsati wamina nthabiseng mashaba ka xokwe @user	neutral
Ba Teka teka teka hi mani Mulato/ Ba Teka Teka Teka Hi mani Mulungo/ Ba Teka Teka Teka Hi mani Mbanyanga #XilhaulaMani	neutral
A xitiloo xa boby hiii nchine... https://t.co/lGOANM9EzG	neutral
@user Conforme Mi Swi Vonaka!!	neutral
Ahahahahaha ih ya ya ya https://t.co/0ut1ZVqUXJ	neutral
@user wena kumele uhambisweâ€¦ğŸ¤ğŸ¾ https://t.co/1O8hMyDnhR	neutral
Uh stivissa ku ine leswu??? https://t.co/vJx7HA45mk	neutral
@user makwenu wa wena?	neutral
Mozambique is burning #tag Nghena mintirho wa vulavula @user Chicualacuala District https://t.co/X89tSiPAL5	neutral
@user tavuya vahaxi mahaka matorokisi ni muyingisile niri kola akaya AMAGUDE MOZA.MBIQUEğŸ’ªâœŒ @user @user	neutral
Mabermuda- matilho*xa wula wula ğŸ¶ğŸ”¥ğŸ”¥ https://t.co/6TW2zUhWJf	neutral
He @user Kombela ntirhu ta replace rendani ndou ani maphepha hungu yari iya Ka pirates ğŸ˜‚ğŸ˜‚ğŸ˜‚ @user https://t.co/7xfUyG3LS4	neutral
"Estrela we! U randza mane, ku mina na yena?"""""	neutral
@user @user @user @user @user @user nimu yingisela nile ka xokwe Mozambique 810dstv	neutral
Uyaphi ku 2020 nendoda? https://t.co/jDHkuInXpK	neutral
Mara dj wa marhandza mavhavha @user	neutral
@user Wa switiva papa!	neutral
Streaming @user live ni ri kwala Maputo. Bondia @user &amp; @user	neutral
pandzela ntsandza wa majaha Nwana I tiva hi Mutswari Baji ra makhelwani wari ambala ritlhelaâ€¦ https://t.co/DUHttgBV5D	neutral
Ih Rihanna djon ğŸ˜­ğŸ˜­â¤ https://t.co/wm8IOr0qZQ	neutral
Xitiloo xa djanine xitilo xa bobixine ahh yowee (8)	neutral
Ningene na nwina eka 2020 nili kwala Mozambique ka Macia, hi xohondzo lexi 92.0 @user @user @user	neutral
Wa vurisa mfowethu. https://t.co/WVglHh5wlE	neutral
@user @user @user niku khoma nile xokwe 810dstv	neutral
Teka Famba ou Gina https://t.co/PbDBohbSjE	neutral
ya xigadzana ehh	neutral
@user li fana ni nhwungue vow ngo gzula lani mussavene	neutral
Xanga xa malembe... Xita vamba Xita buya ğŸ˜ğŸ¤ğŸ‘Œ	neutral
@user ğŸ˜€ğŸ˜€ğŸ˜€ Acha tariqa hai RT lene ka	neutral
@user Vo hi fridjela Wenou, vo hi komba fswaku a ndlela ya sathana ya tika, ka hissa ala ansi, jÃ¡ wena langa kumbe u lava kuhissa loko ou kumbe pradise.	neutral
@user @user @user 15' to 326Twhii, ni mikuma kahle nirila Mozambique ka KHUBU. Adolfo Corsa Lweyi.#tagXMA14	neutral
"Mi nga koloti munhu xanchumu, loko ku nga ri ku rhandzana; hikuva loyi a rhandzaka munhu-kulobye u wu hetisisile nawu"""" - Varhoma 13:8"	neutral
Niku swÃª tititi ğŸ˜‚ğŸ˜‚ğŸ˜‚ğŸ™† https://t.co/I9Tm4jGBHF	neutral
@user wandilahla hla wena shm	neutral
He mfoo wa xitwa xipapilani xa kokwani Dala @user @user @user	neutral
Swiyimbeleri ahi yeni .... miva byela ku hina hi tiva ndlela(senya retla patela) @user Mozambique https://t.co/rZlPwwrCRz	neutral
@user Namina ihm swa gambağŸ˜ Ja na viağŸ•ºğŸ¤‘	neutral
@user @user Nidzumba nanwina ka mungana	neutral
Ehhh yewe,ni lawa ku dog style ğŸ˜‚ğŸ˜‚ğŸ¶	neutral
Nasty C ih âœ¨ğŸ™ŒğŸ”¥ğŸ”¥ğŸ”¥ğŸ”¥	neutral
Famba moyeni bafanas! https://t.co/0UK6SHVSlX	neutral
@user xilo ndla yin ni kayerini	neutral
@user @user @user @user @user loko yi dyiwa jaaa	neutral
Hai wena mun !!!!! ğŸ™ŒğŸ» https://t.co/KNdkTg6YUa	neutral
Niku khoma nile xokwe Mozambique @user	neutral
Mina noh Famba! https://t.co/cA4fzePVun	neutral
https://t.co/OrxuvKQBTS @user bona kuri wendle yini munu waxikwembu.ğŸ˜–ğŸ¤£	neutral
Kaya ka vo vovo... Nkanyini wa mgilo @user Magude https://t.co/gCgF3Kgs7c	neutral
Round 2 ya @user nili kwala a Mozambique seni fikile a Maputo @user @user @user @user	neutral
"@user: Na vadwa, ani sida, a nina nuna, nita feva ku kundza, ka hissa, ka titimela, hissa, ndzeni, handle, tilhanpfe""""ğŸ™ˆğŸ™‰ğŸ™‰"	neutral
Kama Bill Gates angekua ni nchi, basi angekua ni nchi ya 37 kwa utajiri duniani! #ElimikaWikiendi	neutral
Lol tavuya ka mana Thembi hahahaha aku tleleki meu irmao @user @user @user @user	neutral
Namuvona buti tlhoye lowo yingana wona loko yifika a jone yi hembela a swi ntombana yiku papa yona i mulungo i nwana mama loyi mhani wayona angadji dinner yingase vuya akaya ari aswielhe ningase vona boy boy wamina yirandza a music wa sjava @user	neutral
@user mara dj unjani wena hiiiiÃ¬ğŸ˜‚ğŸ˜‚ğŸ˜‚ğŸ˜‚ğŸ˜‚ @user @user	neutral
@user Swi txiki leswo... Os dois se txendam aqui	neutral
Hayi ta humesa, ta humesa, ta humesa, ta humesağŸ’ƒğŸ’ƒ MasupağŸ˜ğŸ¶ğŸ¤ŸğŸ¼	positive
wena na mina	positive
@user Hahahaha Wena pa ğŸ˜‚ğŸ˜‚ğŸ˜‚ğŸ˜‚ğŸ„	positive
I luh ya papi	positive
@user Ni pfhukile. Ho ini kupfhuka?	positive
Swa yantswa niva mbuya, nita Kuma ma regalias ğŸ˜’	positive
@user Ni bom by Noh Dja djuala ntse	positive
@user comekiÃ©ee ğŸ˜‚ğŸ™ŒğŸ½ğŸ”¥ Ni speed, cumbi sfwayantswa? https://t.co/M64ZSNYqVq	positive
Twana a marhito ya ntiyiso https://t.co/xJYQx2LWFh	positive
Niku yingiseli niri ka xokwe Mozambique @user #mindzumba	positive
@user Swa hini? A ukanho dza bom!	positive
AWENAAAAH... U mukulu... ğŸ˜‚ https://t.co/XknRQMKfD3	positive
@user Karingana wa karingana-JosÃ© Craveirinha	positive
Swi helile swa ma pank, finish ğŸ˜¹ğŸ˜‚ğŸ˜‚âœŒ	positive
Hi Nkomu..!! Mo hini hi ku pfuka !!!? https://t.co/hMoq8CN7yX	positive
Na hina hi gud... , nambi yi txonille hi rait... ğŸ”ŠğŸ”ŠğŸ‡²ğŸ‡¿ https://t.co/e5ZGGG02LY	positive
@user @user Swa* banana pah Mas passamos na mesma	positive
@user Munhu wa mina ku saseka	positive
@user @user swivula kurhi xithembiso xa vona axika hetisekanga hikuva a xihlangi hixona xi tiyisaka a varadzane aka rixaka hambi kurhi mungangeni akurhi adam siolhe la chibuto mozambique	positive
@user Teka Famba, Papu	positive
Wena unga zuzumeli, ni dzweli kumbe ni ta xava kwini a ma xiluva ntsem. https://t.co/oHQi4Fn3MH	positive
@user mina nipfukile mara anisya helo naha yimela axikongelo xa bava MALEYANE nitatua ku ku djiwa yini atiheleneğŸ˜ @user @user @user @user @user	positive
A vavasati va ma mecha ugue vÃ¡ heti wena..	positive
Xikwembo Xanga HaleluiağŸ™ŒğŸ¾, Hi Cussa Hina JÃ¡ Ya BuyağŸ‡²ğŸ‡¿ğŸŒ	positive
@user Famba kerekene, nhanyana ndizwena.	positive
@user Swi swi swi swi swi swi swi swi ğŸ‘ğŸ½ ğŸ‘ğŸ½ ğŸ‘ğŸ½ ğŸ‘ğŸ½ ğŸ‘ğŸ½ ğŸ‘ğŸ½ jÃ¡ namoras?	positive
Malem ya ku tala ğŸ¶â¤	positive
AUXENE... Moh ini ku pfuka?	positive
Wa swi tivela âœŠğŸ¾ğŸ”¥ https://t.co/x28rZOFOcp	positive
Nwana Makhuvele Mukonwana wa Khosa. Ntukulu wa Manyike. Feliz dia do pai Mhunti ya mona @userâ€¦ https://t.co/6HVbDi9ddw	positive
Nina wena kola xokwe Mozambique @user nilo geeee 810dstv @user #53yrs	positive
@user Hi pfukile Wa Matimba wahi londzovota	positive
@user @user Ukanga umakuma lawa ya RAYMOND? Atakuvavisa madala.	positive
Loko u va kuma va tlanga, tlanga nawenaweğŸµ Loko u va kuma va tirha, tirha nawenaweğŸµ Loku u va kuma va phusa...ğŸµ U nga kalavalewi hi vanghano mani	positive
Namina one day vata ni posta va beka mbilu â¤ï¸ğŸ˜©	positive
@user A ku xonga ğŸ˜‡	positive
@user Xi chonguile pahğŸ”¥	positive
@user u tsika mova kaya namunthla https://t.co/Q0PyGKCiyt	positive
Alberto Machavele - Rungula.mp3 ğŸ˜ Rungula a maxaka manga kule ğŸ¥º	positive
"Siku dza mundzuku adzitiviwi hi munhu, sÃª swayampsa utidondzela weeena, ROSALINAAAA"""" OuÃ§a #Rosalina de Keyce no #SoundCloud https://t.co/9TcY86QEhe"	positive
ğŸ˜‚ğŸ¤£ğŸ˜‚ğŸ¤£ğŸ˜‚ğŸ¤£ epah Yah afinal acontece la ğŸ˜‚ğŸ¤£ğŸ˜‚ğŸ¤£ğŸ˜‚ dzukuta para aqui dzukuta para ali ğŸ˜‚ğŸ¤£ğŸ˜‚ğŸ¤£, https://t.co/R2etkIjaXd	positive
SÃª vha ni vitile... Niya ti dakwela... Nitsama hansi, ni da nhama... Ni tlhela ni phuza, ni va nhenhentsa ...	positive
@user Wena, no ku Randza hi ku pimissa...	positive
Auxeni ....mho wine ku phuka	positive
@user @user Tem ni dondza primeiro para ni khanela	positive
Hinkhomo... mo yini hi ku pfuka?? https://t.co/5FzXXwKWaW	positive
@user Wena a ni ngue ku hi hloko... Ni ngo ku yentxa nkatanga... Ni ku phamela liradzu Siku ni Siku ğŸ˜ğŸ˜	positive
Dzi Xile Na voz de Kanye West	positive
@user Madala lweyi namufeva, wativa stereka!	positive
@user Nikubula Rosinha wa minağŸ˜‚	positive
@user Auxeni, hoyini Ku pfuka!?ğŸ˜‰	positive
@user Ya, mapfilwa Ã© assim mesmo.	positive
A gwala a dri yelhi namuntlha. noh sindrissa	positive
A mbilo yanga cho ba	positive
@user Ku saseka naku faneriwa swa wena keep it up	positive
@user i ckali nitlanga hi tinamba.ğŸğŸ‚	positive
Outros ; YABA BULUKU ğŸŒ Outras ; LA KAMINA KUNA TXUKELA ğŸ Eu ; NOLAVHA KU PHUZA NIFAMBA ğŸ»	positive
WENE U XIMATE XA BOENE ğŸ˜â¤ï¸ https://t.co/clCnKSaYOg	positive
Hosi xikwembo xanga mamba yanga, mamba yanga hi yamukeliğŸ˜­ğŸ˜ğŸ˜ğŸ˜ https://t.co/VOYlvkKeNL	positive
"ku laveca Mali, a ku laveke ntizo laku sasseka"""" âœğŸ¿ https://t.co/tH5Our94Qu"	positive
Ya ba buluku... Tsokaaaa ğŸ•ºğŸ¿	positive
@user i fanela hiku rhandza kereke naku faya miti ya vanhu	positive
Nwana Mutxangane i mutxangane em Praia do Bilene https://t.co/tZc4iLsrSl	positive
A matapa na marandza, na marandza... https://t.co/jvdpMiqCgo	positive
Lwandle(Xiluva) ingoma ya ku saseka https://t.co/eZtCjiOvmG	positive
Messi Ã© xipoko a taku dhlaya iku bela bem https://t.co/GTQjBz1747	positive
Rixile vayakelany. Tasmani kurhula a sonto.	positive
A I landzi* ti dhlela	positive
@user ğŸ˜‚ğŸ˜‚ğŸ˜‚Ina mas wa ma navela	positive
@user Nita txintxa bradağŸ˜‚	positive
A mathapa na ma randza... https://t.co/eeZd3JmNuY	positive
@user Ni vhona bemğŸ˜‚ğŸ˜‚ğŸ˜‚	positive
Ani gwenti hi ngoma ya luwei wah nwanhana â¤ï¸â¤ï¸â¤ï¸ https://t.co/AggeN50Nei	positive
Auxeni Va Jessica ni Va Jessico	positive
@user Kassi hi wena Lolita ğŸ˜‚ğŸ˜‚ğŸ˜‚	positive
Hi va khale ka mungangu lowo! ğŸ˜ğŸ https://t.co/zZFO1peYRb	positive
@user Hini ya tsutsuma bai heeee Malembe ni Malembe ka mugango lowo	positive
Loku u khaya nkakağŸ˜‚ğŸ˜‚ğŸ˜‚ğŸ˜‚u tlanga hii posiÃ§Ã£o https://t.co/5OXQ81HEyx	positive
@user Edjoh.. a gaju yini vhoku pah ğŸ˜‚ğŸ˜‚ğŸ˜‚	positive
#PhaphamanaMunghana @user na xipano xa phaphama inkomu swinene, ahitireni hita hola male yosaseka. Siku ra kahle na kava engiserhi. IxiGwambana eGwambeland.	positive
A lirandzu la patima!	positive
U ta mu vona lu lala nyana 2x Ku vi a dÃ¡ ti nga txayi ğŸ•ºğŸ¿ https://t.co/LeLzsn7GjF	positive
Ni lavha ku hanha na yena Mina ningue fambi hi lane https://t.co/HwsmwkJM7A	positive
@user @user swi nga va njhn loko mo xavisa paper ra far post every week? Hita sapota nwana mhani	positive
@user U zandza swiluğŸ˜‚ğŸ˜‚ğŸ˜‚	positive
@user Hi ta humula guwa	positive
@user Makwezu niko kombelela ka Xikwembu a minkateko ni hinkwafswo fi ku fanelaka, ti male, ma gudi laifi, ni mintirho yo tala... parabenja ğŸŠğŸ‰ğŸ‚ğŸğŸˆ ğŸ‚	positive
@user Mom of kids Mamana wa vanana	positive
@user Ndlela yi rhandza mehe	positive
Joyous Celebration - Hi Hanya Mahala ğŸ“¶ğŸ“¶ğŸ“¶ğŸ“¶	positive
hina hi hanya mahala ka jesu ğŸ¤©ğŸ¤©ğŸ¤©	positive
A gwala hi phuzile https://t.co/7Q2BN21JjF	positive
Siku dza namuhla dzi kathekilÃª ğŸ•ºğŸ¿	positive
@user Wa hemba... Heineken e txilar aqui ğŸ˜ğŸ˜	positive
@user ğŸ˜‚ğŸ˜‚ğŸ˜‚ğŸ˜‚ Damn... Na nadzika yaay	positive
#DesafiodeDezDias siku dza wu Muni https://t.co/7z1wCZOEq9 https://t.co/6t8lnEZD3l	positive
Hiya Tlhava Mavacina, Hooo ka Docodela https://t.co/Tv546aBlZ3	positive
A Mavele ya ku tsamisseka https://t.co/gmFeJrqGNp	positive
valeu meu cota, a niku hi yessu hi kakunene https://t.co/RmL1rcP2EX	positive
Hlula mine U hlula tingonyamo U ta teka tiko, I dzaco!	positive
@user Ohhh hosy yanga dzi xurisse hi moya waku dzi tiya dlhelene yaku â™¥ï¸ Saudades...	positive
A xitombo xa nandzika	positive
ALOKU NIKU IM. ğŸ˜› ğŸ‘ŠğŸ¿_/ \_ğŸ‘ŠğŸ¿ ( . ) ğŸ† ğŸ‘– YA BA BULUKO ğŸ˜¹ğŸƒ	positive
@user Buya u teka, ma kona hi stock.	positive
Ungalaxlhi davhuku wawena, davhuku wa wena hivhutomi. Bom dia @user Javanhane GuijÃ¡ Gaza https://t.co/y7HIhhXGBs	positive
Se Yaba Buluku Leyi https://t.co/XanhmjGz1I	positive
A swilo swa matilo swi lava ku hiteka... @user, @user, @user, @user, @user, https://t.co/0HZwjawQgZ	positive
@user Ni humile ğŸ˜…ğŸ˜…	positive
"Na Wena ti twissi! A u hi voni Hina hi puzah mÃ¡ dswala na hidla ti nyama hita dzudza switresse Discover """"Happy"""" by Mr Bow on Deezer https://t.co/PtXlTr5fY4"	positive
Hina matxangana vah hi tiva hiku tsaka ğŸ˜‚ğŸ˜‚ğŸ˜‚ğŸ˜‚ https://t.co/OEm7Mk1DMH	positive
Ni lava male sÃ³ğŸ’¯ğŸ¥°	positive
@user A xitimela xi ni siyile muzaia.	positive
Mu xava kwini a nyama ya homu?	positive
"@user """"Ah wa wassate waku shonga, hunghÃª wa whettii wena!!..."""""	positive
A wasati vomu taratara jurooo A wasati vomu ghenissa salÃ£o a shongaaa - vovo dele. https://t.co/OYmT0XsNik	positive
@user @user @user @user @user Nisuka xokwe sweswi tani bazara ka xingangi agora	positive
@user Swo yini ku phfuka?	positive
Teka Famba o Txova https://t.co/AruWmqEUPK	positive
@user @user Ni bom bay	positive
Ni li hinkwaxu ta xona Hi mintizo ya Xikwembu	positive
#HistoricEndtimeRevival Celebrando o Senhor MIKULUNGUANA KA YESU ALILILILILILILILILI ALILILILILILILILILI ALILILILILILILILILI ALILILILILILILILILI https://t.co/LFBKJHwJYI	positive
Nikensa Yesu Ã© ğŸ”¥	positive
@user @user Wa swi tivelağŸ‘ŒğŸ‘ŒğŸ˜‚ğŸ˜‚ğŸ˜‚ğŸ˜‚ğŸ˜‚	positive
@user Jeremias Nguenha - La Famba Bixa Abilio Mandlaze - Juro Sinceramente Abilio Mandlaze - Ulava ni ti sunga	positive
Ku phuza bem 2M Flow	positive
@user @user If phfukilÃ©... Ah ih se vona swa ku kazata... Mwina kÃ©	positive
@user @user @user ni yingisele niri kola Mocambique ka chokwe thwii	positive
YABA BULUKU A FAZER HISTÃ“RIA https://t.co/KVIXiaoTFA	positive
@user MINGAS - Alirandzo. MINGAS - Mamana. ANIANO TAMELE - papai se hi fikile.	positive
@user Naminau kata na fhinavela acufamba ni ti tsaguela, cubo uia xplanada......	positive
@user @user ğŸ˜¹ğŸ˜¹ğŸ˜¹txuvuka leswi lani ğŸ˜¹ğŸ˜¹ğŸ˜¹ğŸ˜¹	positive
@user @user DanÃ§ar tsova levanta a saia	positive
Gabriel Shyne feat. Killua - Lirandzo la Mina na wena ğŸ¥°ğŸ’£	positive
Mamana uyosala etse a tlhumala panghalato ğŸ¶	positive
Hello sisi! Ni kombela round ğŸŒ	positive
@user And u tah swi kota	positive
ğŸ˜‚ğŸ˜‚ğŸ˜‚ U ya kwini https://t.co/sI7DT6a04c	positive
@user Ku ta faciwa swa bom	positive
Happy birthday Mo G ğŸ‚... Aku Huma ni humaka (quarentena), wena para Nita dlaya ğŸ» ğŸºğŸ˜¹ğŸ˜¹ğŸ˜¹ #morelife https://t.co/IRFb7gRFJP	positive
Hi mbilo leyi yitsovekeke, hibuyisa #xikandarinha lexi angahisiyela madala wahina Calane da Silva (RIP),hitakombekisa lesvaku xahahisa. Mina,na munganu wamina wantloyi, @user hitaxitlatleka. Kutane, ntlangu lowu wuvuya hi kurula!! Akutlangiwi: https://t.co/njQTRonbhF https://t.co/IAipMU1EfU	positive
Parceiro//a Novas mÃºsicas 01.HOSI HI PFUNI ğŸ”¥ 02.NINA XILONDZA MBILWINIğŸ”¥ 03.HOSI XIKWEMBO ğŸ”¥ WhatsApp +258866753098 https://t.co/J3dcH9ZsEl	positive
#PhaphamanaMunghana Community weeeeeeeeeeeâ— Avuxeni vanhu vamisava. Woza friday, hlayisekani miyingiseri #phaphamanamunghanalonene. Ahitireni hita hola male yosaseka. ixiGwambana kusuka la a Gwambeland, vana va Gwambe na Dzavale. https://t.co/PFHuV5xPo6	positive
A quiet place 2... Here Hina ya famba	positive
Kulo sala ku ni tlela kanwe before ni vuyela joni	positive
"Kuni guala la? Kuni va fana la???"""" -Rupi Kaur"	positive
@user @user ğŸ˜‚ğŸ˜‚ğŸ˜‚ kwini? wa swe tivah nah weneh swakuh ni strong	positive
@user @user @user @user @user @user WA SWI TIVA BRODIğŸ’ª	positive
@user Ni pfhukile. Akuna swa ku kazata. Ho yini kupfhuka?	positive
@user @user Wena pah ğŸ˜‚ğŸ˜‚ğŸ˜‚ no thleka lano	positive
@user Pfa khenseka pfoleswo! Namini ni bom, a Xikwembo xÃ¡ dzi hlayisa! ğŸ˜Š	positive
@user @user @user nimi ingisele niri ka Chokwe Gaza Mozambique via http://t.co/xGghjILTEk	positive
Hewe', thlanga u hluela!!!	positive
Avelino Mondlane - Ndjombo Ya Lirandzo ğŸµğŸµ	positive
"Xikwembu ni nyike matimba."""""	positive
@user swiswi ni vona Gavin a hindzela mahlweni	positive
@user na khensa bra ya Mina	positive
Niku yingiseli nile xokwe Mozambique sesi thembzana @user @user	positive
Bom domingo Hosi yi katekisa wena na njangu wa wena. Mhunti ya mona @user Soweto-em Casa Chokwe https://t.co/v3doiep6wU	positive
U bom mana tt ni yingiseli wena kola ka xokwe Mozambique @user @user	positive
@user dzipelile u kone fanhana.?	positive
Dzixile ohine ku pfuka https://t.co/gSa3NkOTy6	positive
@user Hipfukile ingo wena?	positive
Male ya Machangana :D	positive
@user @user @user kambe ira mani risimu leri hi sungulaka awara ya 7 naaaaaa. Rini tsakisa ngopfu vakaxi va mina. Rixile.	positive
Dzi xile va makwezo !	positive
John Legend - Mina Na Wena	positive
December ni tirhisi leswo tala ntaswi vona January @user Cidade De Chokwe https://t.co/92ULjTcDKs	positive
Auxene... Moine ku pfuka	positive
Kota Yasser ya ya ğŸ¤£ https://t.co/4zbScgxYS5	positive
Moya wa ku Xwenga	positive
La ka mina ku dyiwa ti coconut ğŸ¥¥... @user Maputo, Mozambique https://t.co/kgGc8M2gKa	positive
@user Hi pfhukile. A va tsongwana va thlanga. Khanimambo. Ho yini kupfhuka?	positive
Hi pfuki bem, a whana wa tlhangua akuna ku karata, whina ke? https://t.co/NM4QM9GjB5	positive
@user @user Wa swi tivaaaaa	positive
A Nina male minoooo, noh tivha ku kina (blaze's voice)	positive
Loku u hi wona hiku ta hi yena, hi yena Yehova, hi yena A loku u hi wona na hili so hi yena, hi yena Yehova, hi yena Oh hi yena Yehova, hi yena, hi yena ğŸ§ğŸ¶ğŸ¶ğŸ¶ https://t.co/4B3sy5uqqX	positive
@user Na hanha. Aswina ku kazata. A vatsonguana wo thlanga.	positive
U saize wa mbedo wa mina* ğŸ•ºğŸ½ğŸ”¥ https://t.co/uCqXCHqQES	positive
@user @user @user @user rixile vahaxi va mina nimi kuma kahle nirila Moz ka Khubu la. Obrigado	positive
Timale Timale hi da ni mabitch ğŸµğŸµ	positive
@user Ni pfhukile. A va tsongwana va thlanga. Khanimambo ğŸ™ğŸ¾	positive
Nkatangouu hinga tsama niku gwela swaku akuna munwane lwei ani tsakuisaka a mbilwini. ğŸµğŸµ	positive
Wa bomba Mchangani Ni bombisa ku kuma @user Vodacom https://t.co/GpVweyGeoT	positive
@user mina se lindivarrr mina aita navhela aku teka giyane nitsakisa hi xibelane niri kola a magude @user	positive
@user Ni pfhukile. Khanimambo. Wene ke?	positive
@user Ni bom. Ho yini?	positive
Thnx God mozambique shutdown #tag Nghena.........na khensa ku tlakuriwa vanhu va mozambique @user Moamba, Maputo, Mozambique https://t.co/CBslGBgSwI	positive
Ni kola Ka xingange vani khome bom MA's @user and Ku tlangeliwa birthday https://t.co/byvttQfer0	positive
Utamukuma ka Sapatero*	positive
@user Mmm. Swa hombÃ©. Ni pfhukile. Khanimambo	positive
Vanhu va mali ku khola ğŸ˜‚ğŸ˜‚ @user Ressano Boarder https://t.co/AT1kcMdjQW	positive
@user na mina nimi kuma kahle nirila Moz ka Khubu	positive
Malome @user u ndjane??	positive
niku 10 ma garrafa	positive
@user @user nile guija ni tlangela birthday ya mina https://t.co/4ixq5pYtiS	positive
Ni bha ma fato ni ma Air Force	positive
@user Ho yini ku pfuka?	positive
Mine ni waku ehhh Mbilo yilava weneee ahhh My bae you're so sweet baby My bae you're so fine Loko niku vona ku tsatsa tsa ninyetxela weneee... â™ªâ™ªâ™ª	positive
@user ni pfukile va haxi nho kufumetanhana amuphungo nita kufumetanhana anhokana nitaya atirwene @user @user @user @user	positive
Kanimambo Chikwembo xa MathimbağŸ™	positive
Ya disko funk ğŸ˜‚ https://t.co/6gjyz43f0Q	positive
@user A hombe. Khanimambo. Ho yini?	positive
@user @user @user esh na mina se ni mikuma kahle @user niri Khombomuni-Mozambique...#Dankiiiii	positive
ğŸƒğŸƒğŸƒğŸƒğŸƒğŸƒğŸƒğŸƒ ğŸƒğŸƒğŸƒğŸƒğŸƒğŸƒğŸƒğŸƒ yuwiiii AMARGOU ...ih mine lwe yaaaa	positive
Mina nawena, Wena namina, #LovarÃ‰Nice utatwa kunandzika! (4Ã—)	positive
@user swa kahle swi komba rirhandzu ra ntiyiso	positive
Mina ni sati wanga* Jay â™¡ @user Maputo, Mozambique https://t.co/IUiQupzUfc	positive
Alirandzo hi mintxumo xa lissima Kutlula a timaka xatimale â¤	positive
@user Na hanya. Aswina ku kazata.	positive
Leswi uswi tivaka hi mina iswi tsongo eka leswi ninga hi xi swona U thnk Im an Artist n im more dan dat U thnk im a Government worker n im more dan dat U thnk im comedian n im more danâ€¦ https://t.co/oRKNPmCu9d	positive
@user Nambe mina. Ni pfhuki kwatse. Khanimambo	positive
Ku njhani @user ni nghena kola chokwe	positive
dzixilela wena mufoto ho ini hi ku pfuka? https://t.co/EJZenJpY5R	positive
"I'd sing """"Hita famba moyeni nkathanga"""".ğŸ¤£ https://t.co/s3U1KUEaSs"	positive
Matshonela Yakoh (mana mina) Mabarri Yakoh (mana mina) Mas a mpfhana wa nheketo lweyi anga guentanga ih wene âš¡ï¸ğŸ¶	positive
Ma sweet lady ma talil Ma sweet lady ma talil Mina ni be dji utomi Ni funga kufa niku hanhana I will always love you Ma talil	positive
Jimmy Dludlu - Mu Tumbelelwana ğŸ¶âœ¨	positive
@user @user @user nina wena kola xokwe Mozambique	positive
Np : puto Jr - male ya pepa	positive
Ni yingiseli wena sesi khensi nile xokwe Mozambique @user @user @user	positive
@user Ni pfhukile. Ho yini kupfhuka?	positive
@user HÃ´ yini, hosi ya ma rima?	positive
@user nipfukile vhahaxi niya atirweni ni ndlhula nixava amapawa dj iwamativağŸ˜‚ @user @user @user @user	positive
@user Wena wa xitiva	positive
ALOKU NIKU IM. ğŸ˜› ğŸ‘ŠğŸ¿_/ \_ğŸ‘ŠğŸ¿ ( . ) ğŸ† ğŸ‘– YABA BLACKFRIDAY ğŸ˜¹ğŸƒ	positive
Ximixweni, Madanbveni, ni Usiku #SikuNiSiku	positive
ğŸ’‰ Auxene ka Gaza! https://t.co/mqEBBvI7pj	positive
dezember time . . Ku ta fiwa	positive
"@user: Blake me paga hahahahahahahahahahahahaha ih"""" â¤"	positive
ğŸ˜‚ğŸ˜‚ğŸ˜‚ğŸ˜‚ keep voning. Na ku xuvha https://t.co/fpBbBvyZGq	positive
@user KING WA ÃFRICA	positive
@user Na hanya. Akuna swa ku kazata. A va tsongwana va thlanga.	positive
Ni bom manji wena kueh? https://t.co/40DlfXTgG5	positive
Nkhosi, Dlamini Wena WeKunene. Thank you Cuzâ¤ï¸ https://t.co/IuMI7Ox7i5	positive
@user @user @user swinene ngopfu ni vuya matreno hina jogo mndzuku	positive
Nimu yingiseli nile chokwe Mozambique vahaxi vamina va qualidade zwimbiri2 @user @user @user	positive
"Tsemba Jehova/ Wene nwana wa Xikwembu"""" - @user #QuartaDeQuotes"	positive
Nikola Ka xingangi Ka nwina @user @user	positive
U ta famba maTilweni https://t.co/QAavLO1Bt2	positive
Utomi Nzanga Za Ku Tsakissa #PretoDeMoz #Enjoying The Life em Maputo, Mozambique https://t.co/n4bNaMZjWp	positive
"@user """" Mina nawena, wena namina, #LovarÃ‰Nice, utatwa kunandzika !! """""	positive
@user Tana u ta dya.	positive
@user Re tsogile re ra wena	positive
A nhama Ni dileh... A Guala Ni puzileh.. A male Ni Tekileh..ğŸ’ƒğŸ’ƒğŸ’ƒ Tsatsara tsara ğŸ¶ğŸ¶ğŸ¶	positive
Ni lava ku Susa Tosa	positive
@user Na hanya. Ni khensile. ğŸ™	positive
Sumo LOUMAR - A ku titimeta nkolo...	positive
Nina wena kola xokwe Mozambique @user uni endla yini mara 810dstv	positive
@user Akusaka ka ndlama kopitira ku #Collerboxparty ndani ameneyo?	positive
Banani MÃ¡ Voko, Assistam In Loko #8ou80EP	positive
"@user: @user ğŸ˜‚ğŸ˜‚ğŸ˜‚ğŸ˜‚ğŸ˜‚ pvt""""unga ni viajari wena txela nhama lanu"	positive
Ayo buya anikhoma, aku teka nuku nhicağŸ˜‚ https://t.co/ycHUwlH6lQ	positive
leswi ni swi vhonaka mine	positive
"Wansati wa ku xonga ku tlhula wene? Animutive minoo?"""""	positive
Aleluia xikwembo xa matimba tlhatteka vhoko dzaku ku Hina vana wakhu hi kombela a matimba yaku	positive
@user wow na khensa sesi mhana rivaldo vani khome kahle hi siku ra mina	positive
@user @user @user @user Muhaxi lwiya ho hatlisela ngopfu loko a haxa hi wini wakona left or right?	positive
@user he uncle miri I birthday ya nwina namutlha?	positive
@user wa khala pah	positive
" a xa Lissima Ih Ku Ti Beka Hansi """""	positive
@user Auxeneeee Tek, hoyineee ku phukaaa?	positive
@user Siku ni Siku	positive
@user niku yingiseli nile xokwe Mozambique nilo gaaaa 810dstv @user	positive
@user swa kahle leswo	positive
@user @user ni khensile nd ntava nayena mundzuku	positive
Hi ta kunhemela le titxini ikussa ya ku randza na Hina hÃ¡ kuxuva makhero	positive
Wayi vona manica ya nyuwani @user https://t.co/sbhKf3p4Xd	positive
Usho wena neh ğŸ˜‚ğŸ˜‚ https://t.co/50xeXtxnNI	positive
*a swa lissima ih kuh tibekah hansi*	positive
@user @user @user #HHW Sesi byela va malume se vona vata hlamusela papa ku wa kuna dzovolo wa yena	positive
Ahiii Loloza male ya Manhembana :D	positive
Niku yingiseli nile xokwe Mozambique nilo geee kola hansi ka nsinya wa nkanyi 810dstv @user @user @user	positive
Tseka tseka uta ni kuma hi ndlhela https://t.co/Fe2u6iCzfQ	positive
@user Definetly GOATS Alexandre Langa - Rosa Maria Pedro Langa - Mamba ya Malepfu Hortencio Langa - Lirandzu	positive
MIta kateka loko va mi hlekula, nwina va nge mi bihili miri vana va xikwembu, tsakani hiswiswo hikuva hakelo yanwina mi tayikuma ematilweni	positive
Nihinguisela munghana lonene FM ranitsakissa ni lani Maputo - Zimpeto	positive
Dzixile, Na Mi Lossa Va Yakelani....â˜€â˜€	positive
Ni bom ,ni yetlelile bem ...anhanti wena... hummmm.... (loop). https://t.co/zRMh6a5K5F	positive
A makhessemussi nkata ni ma lua de mel hitada xikamwe ungatxavi nkata hikussa sse hi txadile	positive
kannimambo, ni tsakÃª swi nene https://t.co/horMgEjcp1	positive
Auxene va makwezu.	positive
@user Dzixileeeeee, mo hine ku phuka.	positive
@user Khanimambo ğŸ™ğŸ¾. Hi yini kupfhuka?	positive
"@user: """"@user: Mina a ni tsama ka twitter timaka xkola ğŸ˜‚ğŸ™Œ"""" Mine Ani Tsame (...) Himaka* (..) .."""" thanks ..."	positive
Hile ku tlangeni na vanwan @user Praia do Bilene https://t.co/dr0bMicqy6	positive
Ya, no Xipamanine https://t.co/nM4LzPhySp	positive
Yehova Hi Murussi Wa Mina ğŸ’â¤ @user Marracuene https://t.co/9Eii0awEcE	positive
@user Teka famba bro ğŸ˜‹ğŸ˜‚	positive
@user @user #HHW don't give up man zama ku mutsunduxa chomi ya wena uku: nikombela uni tlhelisela mali ya mina	positive
Ni Pfhuni Ku Tsova, Tsova Tsova ğŸ”¥ GOLD âš¡ï¸ https://t.co/SeqmIfcTgV	positive
"A lirandzo ih mensa ni behula Vhata tshemelela inkwafswo fswaku biya"""" â¤ï¸"	positive
#Xiluvaxangaaaa #Mina ni langui wene Top top top ğŸ’ƒ@user bow	positive
Moya wanga u ndzunissa Hosi A moya wanga Hosi Hosi Hosi Aku ndunissağŸ’ƒğŸ’ƒğŸ’ƒ	positive
Nitafa na wena murandziwa Te amo Te amo Nitafa na wena murandziwa Te amo Te amo #Vibes	positive
@user @user @user mara buti Sydney Xikwembu ximu nikile ku hlamusela swilo swi nandzika, wativa ingi ova kwale.	positive
Hita khandziya ti bus ta ANC hi mbali swi khipa SWA DA hiya votela EFF @user On the Beach., Bilene Mozambique https://t.co/6beRv1Z025	positive
@user Dzixile ho yine ku pfuka?	positive
Ni yingiseli @user kola Ka doroba laka CHOKWE @user @user 810 dstv niyo gee na vovo flora mathonsi	positive
Uh tah ssala va uhlolo	positive
Auxene. Mo yini ku pfuka? #Acredita	positive
Ni cizi weni, unga buyi ni taku.. https://t.co/QZ0ODDUY70	positive
@user ok a chikwembo cha swi vona	positive
@user Vungani ka story ko timve ğŸ˜‚ğŸ˜‚	positive
@user @user ni bom Wena ke https://t.co/L9hXLd3s0u	positive
@user ğŸ˜‚ğŸ˜‚ğŸ˜‚ğŸ˜‚ I nkarhi wa malamula	positive
@user ku hava paito unwani handle ka mina	positive
@user mi nga rivali ku happy birthday Eka mina	positive
@user @user @user @user ene swi valavula ntiyiso ğŸ˜‚ğŸ˜‚ğŸ˜‚ğŸ˜‚ğŸ˜‚ğŸ˜‚	positive
A Pandza wa kho ğŸ•ºğŸ½	positive
Ni xisela Wena #Njovo https://t.co/5NtqzMvOYU	positive
Ni rungula my love nthabiseng mashaba ka xokwe @user ka xingange niheta hi sivari Vicente sambo a putfontein @user	positive
Ni pfukile kwatsi. https://t.co/5YvWG5AQLG	positive
Mamana wa bebe	positive
Mawako...muito nice ih https://t.co/ok6K69W6Ms	positive
Rirandu ari danisi loku wanuna akari akuranda naloku wansati aku randa aswisangi swi danisa https://t.co/mmMystU9xl	positive
@user Mina nile ntirhweni la Mozambique ka Khubu	positive
@user @user ğŸ˜‚ğŸ˜‚ğŸ˜‚ğŸ˜‚ğŸ˜‚ğŸ˜‚ğŸ˜‚ Ina marha ya mina yi famba mahlweni hiti cup masiku lawa	positive
@user @user â€œYa Maning, ya Maning, ya Maning...â€	positive
@user @user #HHW zama kuti hlanganisa na yena chomi ya wena face to face unwi tsunduxa hi xikweleti don't give up	positive
Kkkklk ni kombela uni sendela ka whatsup https://t.co/31H5ghj4G4	positive
U tah yi phuza impala ğŸ˜¢ https://t.co/wVKS8CYJrj	positive
Buya lenu niku dondzissa ğŸ’ğŸ½â€â™‚ï¸ https://t.co/eGbk1ROpXy	positive
Pooora gramo mng de Mathapa pah foooodaz. Patsa Ni ma hanti	positive
@user loko dj @user momu siya yexe sikurinwe lani ka @user vangarikona @user na @user na buti @user anga swihaxa hkwaswo loyi wa dj atlhela abala nitilhoko mhaka ta mahungoğŸ˜‚ğŸ˜‚ğŸ˜‚ğŸ˜‚ğŸ˜‚ğŸ˜‚ğŸ˜‚	positive
@user @user ğŸ˜‚ğŸ˜‚ğŸ˜‚ğŸ˜‚ğŸ˜‚ğŸ˜‚ mita phaka draw Ku tava lucky	positive
@user awuxeni va haxi va mina va nduma mina nipfukile nho dja mpungu ni lava akuya dsundzisa aritiwa ramina nihlaula amudji watimali @user @user @user @user @user @user	positive
Nifile ih wena	positive
A ku khala ğŸ‘€... Ama saudade ğŸ˜¿ğŸ™Œ https://t.co/qNXu569sIr	positive
@user Auxeni Madala U bom.	positive
@user Na hanya. Ho yini?	positive
@user Ni pfhukile. Khanimambo.	positive
ğŸ˜¹ğŸ˜¹ğŸ˜¹ğŸ˜¹ ih fswona ndwena, A ciku para vhaku biya dzi ta tlassa https://t.co/QU3IxsVMFP	positive
Maningue ğŸ˜‚ğŸ˜‚ğŸ˜‚ Khanimambo. U pfhukile? https://t.co/YnddeunDo8	positive
Ha tsovela kola chokwe Mozambique ni khensa mufundisi @user	positive
@user Na hanya. Aswina ku kazata. Khanimambo	positive
Nami hoyozela vahaxi vamina va migingiriko na tsemba swaku muyetlhele kalhe ami bedweniğŸ˜‚ğŸ˜‚ğŸ˜‚loko mu suka kağŸ‘‰ @user toloğŸ™ˆ @user @user @user @user @user	positive
Bom tarde matxaka ya minağŸ™‹ğŸ»â€â™€ï¸ğŸ‡²ğŸ‡¿ğŸ‡²ğŸ‡¿maputo https://t.co/KC4sunCCpO	positive
Ni sungulekile khale mfana ğŸ˜‚ https://t.co/RF4mIqAL3j	positive
@user @user Ka dlhiwa maleğŸ˜‹ğŸ˜‹	positive
@user @user mina nitsakile swinene Gingirikani munu wa tshitsha	positive
@user @user Ni ta pimissa	positive
Ni huma na marhama hey , khensa nsati wa mina wani hlayisa xem â¤â¤â¤â¤â¤ https://t.co/FbbebjwNR2	positive
@user niku yingiseli nile xokwe Mozambique 810dstv	positive
A xinkwa lexi xa le missaveni u ndzuluti we Tatana hakukombelağŸ’ƒğŸ’ƒğŸ’ƒ Lililili	positive
@user @user A ni guenti ğŸ˜¹	positive
Ni yingiseli wena sesi khensi na cc bongi nile xokwe Mozambique 810dstv @user @user @user @user	positive
@user Hewa ya Oxygen ğŸ˜	positive
Ni humule ha hombe muzandziwa ğŸŒŠğŸŒŠ https://t.co/mVk1ZZYi9y	positive
"@user: Auxeni, inlhikani,li xile, ku ndjani, unga ni nhenhentsi, ni bihile, u shonguile, wa nunwa, a ni pfukanga kwatsi.""""ğŸ˜¹ğŸ˜¹ğŸ˜¹ğŸ™ˆğŸ™‰ğŸ™Š"	positive
namunthla mu ta nitwa... @user	positive
@user @user @user mara tinsimo ta xitsonga ta tsakisa niku yingiseli nile xokwe Mozambique @user	positive
Rendes Xikento ihğŸ˜‚ https://t.co/DHwyVLdCzS	positive
Mina Ni Randza Wenah X Mexe O Esqueleto #DjAlvinALutaContinua	positive
@user @user Hi pfukile anti wena, vÃ¡ hanha kaya?	positive
Ni rungula nsati wamina nthabiseng mashaba ka xokwe nwana mina inocente mathonsi na mamani flora mathonsi ka xokwe Mozambique @user	positive
@user @user @user #Topic mina vahaxi ani hambanisi swafana na vanhu va hlonge ya mina ntsena i respect kufana na uwani	positive
@user sim ğŸ™ˆ Teka famba	positive
Ku dliwa salada https://t.co/8RIMJHAhz9	positive
@user @user @user @user loko va yi rhanza cricket na	positive
@user @user @user #HHW boti tshama na muti wa kokwani. Sesi famba vukatini bya wena	positive
Nghoma ya Nghena ma onha mhaka .... a mosambiki va cina hinoooooo #tag Nghena miva rungula @user Moamba, Maputo, Mozambique https://t.co/9hxZgAlJ0D	positive
Hibha fotxolo khuza ku huma no lithilu https://t.co/oNxdmdiJOy	positive
mina na wena	positive
Mr Bow - Ni tafa na wena https://t.co/CKMvkau0OR	positive
Txuvuka dzanku logo uya wa kwela kuvuya ka wena hitaku yamukela	positive
Cinderela wa mina I love u babe â™ªğŸ’ƒ	positive
Auxene. Mo yini kupfuka? #Acredita #CenasÃ€TardeAninam	positive
@user Hoyini ku pfuka	positive
ni pulukhe, no undla a vana vavano https://t.co/WsPs8PizG8	positive
@user Na hanha. NÃ´ scrolaranhana, ni hamba nkama pra niya Studio.	positive
Super sweet Sunday ka nsati wamina nthabiseng mashaba ka xokwe nwana mina inocente mamani flora mathonsi ka xokwe @user	positive
@user @user ğŸ˜‚ğŸ˜‚ğŸ˜‚ğŸ˜‚ğŸ˜‚ğŸ˜‚i rhandza mina, phela kuza xi rhandza camera hi kola ka mina	positive
@user ni bom, a caya kwaco khe?	positive
Ni randza nyama https://t.co/Yg4Awwpza6	positive
Ah bro ya. ğŸ˜‚ https://t.co/ZemU0cOJDn	positive
. wo ai ni:)	positive
Unga vhoni ku gwira ni tlhela ni thakula mina khata kambe akuna munwane ane lweyi tsakisaka minouu ğŸµğŸµ	positive
Teka Famba @user B.Jardim https://t.co/tgABbLS0FM	positive
@user hi pfukili bem Doutor wena ke	positive
Teka Famba Ya Man .. Te amo ğŸ˜»	positive
Va galhi tiMbatsana kaMarracuene. https://t.co/M1dMpStlM7	positive
@user Wena wa tsoga yong	positive
@user Ya va dudamel deja la vino tinto vermo	positive
A Xikwembo A Xi Ku Katekisse ğŸ™ğŸ™ğŸ™ https://t.co/TjzFkAk9WO	positive
