words,sentiment
ameeeen,POSITIVE
tsareki,POSITIVE
fatan,POSITIVE
kyau,POSITIVE
gaisheka,POSITIVE
yatemaka,POSITIVE
kawo,POSITIVE
dadi,POSITIVE
yayi,POSITIVE
godiya,POSITIVE
in sha allah,POSITIVE
nisan kwana,POSITIVE
babban,POSITIVE
yaci,POSITIVE
kirki,POSITIVE
lfy,POSITIVE
amfana,POSITIVE
albarka,POSITIVE
barka,POSITIVE
sallama,POSITIVE
fatan alheri,POSITIVE
aure,POSITIVE
sonki,POSITIVE
yakiyaye,POSITIVE
yawwa,POSITIVE
kirkin,POSITIVE
kwarin gwiwar,POSITIVE
farfado,POSITIVE
ganaar,POSITIVE
nakesan,POSITIVE
dai dai,POSITIVE
alkairi,POSITIVE
alhamdullilah,POSITIVE
dadinsu,POSITIVE
gasky,POSITIVE
farinciki,POSITIVE
fatan alkairi,POSITIVE
dafa,POSITIVE
dadin gaske,POSITIVE
godia,POSITIVE
alfahari,POSITIVE
daidai,POSITIVE
yabamu,POSITIVE
jikansa,POSITIVE
lafy,POSITIVE
insha allah,POSITIVE
burgeni,POSITIVE
alkhairi,POSITIVE
masha allah,POSITIVE
hakuri,POSITIVE
zaman lafiya,POSITIVE
qara,POSITIVE
kyauta,POSITIVE
dadin,POSITIVE
nisan kwanah,POSITIVE
alhamdulillah,POSITIVE
yakyauta,POSITIVE
nishadi,POSITIVE
sabuwar,POSITIVE
dagaske,POSITIVE
yataimaka,POSITIVE
fara,POSITIVE
adalci,POSITIVE
uban marayu,POSITIVE
sutura,POSITIVE
gaskene,POSITIVE
albarkaci,POSITIVE
cigaba,POSITIVE
zataci,POSITIVE
kinason,POSITIVE
soyayya,POSITIVE
tagado,POSITIVE
ci gaba,POSITIVE
farincikin,POSITIVE
lpy,POSITIVE
wadata,POSITIVE
arziki,POSITIVE
asaa,POSITIVE
jagora,POSITIVE
barkada,POSITIVE
murna,POSITIVE
fahimceki,POSITIVE
in sha allahu,POSITIVE
cikakkun,POSITIVE
nasara,POSITIVE
jajircewarki,POSITIVE
chigaba,POSITIVE
farin ciki,POSITIVE
saa,POSITIVE
bani,POSITIVE
dace,POSITIVE
taimaka,POSITIVE
girma,POSITIVE
dadina,POSITIVE
sannu,POSITIVE
gimbiya,POSITIVE
kyauÔ∏è,POSITIVE
karawa,POSITIVE
nisan kwanaya,POSITIVE
akeson,POSITIVE
tunawa,POSITIVE
muhimmanci,POSITIVE
fahimci,POSITIVE
gayyaci,POSITIVE
son,POSITIVE
kasuwa,POSITIVE
kyawawane,POSITIVE
nishadantar,POSITIVE
aurena,POSITIVE
hankali,POSITIVE
shiryamu,POSITIVE
shiryasu,POSITIVE
yakare,POSITIVE
kwarai,POSITIVE
fatarmu,POSITIVE
basira,POSITIVE
fahimta,POSITIVE
dora,POSITIVE
ranka shidade,POSITIVE
kammala,POSITIVE
tausayi,POSITIVE
gyaranta,POSITIVE
haihuwa,POSITIVE
nayarda,POSITIVE
ganewa,POSITIVE
dama,POSITIVE
dariyar,POSITIVE
z√°…ìeka,POSITIVE
daukaka,POSITIVE
kewarki,POSITIVE
dai dai ne,POSITIVE
zaba,POSITIVE
nagari,POSITIVE
lfya,POSITIVE
gudunmawa,POSITIVE
kokarima,POSITIVE
tsari,POSITIVE
taimaki,POSITIVE
bin doka,POSITIVE
farin jinin,POSITIVE
rabawa,POSITIVE
gyara,POSITIVE
kaunar,POSITIVE
rungumeshi,POSITIVE
kokarin sa,POSITIVE
tafawa,POSITIVE
masoyiyarki,POSITIVE
gskya,POSITIVE
kinsamu,POSITIVE
juriya,POSITIVE
amincewarka,POSITIVE
yaduwa,POSITIVE
kokari,POSITIVE
sauwaqe,POSITIVE
masoyanki,POSITIVE
adace,POSITIVE
jindadi,POSITIVE
lada,POSITIVE
yabiya,POSITIVE
kafi,POSITIVE
yadubeni,POSITIVE
yaturomin,POSITIVE
gaisheki,POSITIVE
kaunarki,POSITIVE
sanki,POSITIVE
yakawomana,POSITIVE
soshi,POSITIVE
yasaka,POSITIVE
birgewa,POSITIVE
dauka ka,POSITIVE
mai yawa,POSITIVE
tayaka,POSITIVE
karramawa,POSITIVE
kinfi,POSITIVE
karo,POSITIVE
kareki,POSITIVE
shawara,POSITIVE
albarkashi,POSITIVE
taimakawa,POSITIVE
yakaro,POSITIVE
sonsa,POSITIVE
qauna,POSITIVE
gafar ta,POSITIVE
jikanshi,POSITIVE
alkawarin,POSITIVE
kwarjini,POSITIVE
kafisu,POSITIVE
bakuncinsa,POSITIVE
yaqara,POSITIVE
tausayawa,POSITIVE
musha biki,POSITIVE
agaza,POSITIVE
na gari,POSITIVE
birgeni,POSITIVE
da…ói,POSITIVE
zaman lafia,POSITIVE
iliminki,POSITIVE
gara,POSITIVE
ilimi,POSITIVE
marawa,POSITIVE
budi,POSITIVE
dokokin,POSITIVE
ya jikansu,POSITIVE
murmushi,POSITIVE
dariyarki,POSITIVE
murmushinki,POSITIVE
qoqari,POSITIVE
zaman lpy,POSITIVE
rai,POSITIVE
ilimin,POSITIVE
gudanarda,POSITIVE
kaci,POSITIVE
amana,POSITIVE
habbaka,POSITIVE
ya jikanta,POSITIVE
rahama,POSITIVE
rabin raina,POSITIVE
yataimaki,POSITIVE
aureta,POSITIVE
cika,POSITIVE
masoyiyata,POSITIVE
karbuwa,POSITIVE
zarce,POSITIVE
wayonki,POSITIVE
addua,POSITIVE
amanar,POSITIVE
nasarar,POSITIVE
farin cikin,POSITIVE
hamdala,POSITIVE
daraja,POSITIVE
tabbatar,POSITIVE
tabbata,POSITIVE
inaso,POSITIVE
fadawanki,POSITIVE
kaso,POSITIVE
gaskiyane,POSITIVE
daukakaku,POSITIVE
magani,POSITIVE
alkairii,POSITIVE
tuba,POSITIVE
tabarakallah,POSITIVE
mafi alkhairi,POSITIVE
insha allahu,POSITIVE
shagalinku,POSITIVE
bakarya,POSITIVE
shahara,POSITIVE
cigari,POSITIVE
yafiyan,POSITIVE
rungumi,POSITIVE
masoya,POSITIVE
tsaro,POSITIVE
auri,POSITIVE
tabatar,POSITIVE
alkawari,POSITIVE
qoqarinda,POSITIVE
saukin,POSITIVE
karu,POSITIVE
burge,POSITIVE
kwalliya,POSITIVE
kin hadu,POSITIVE
dama dama,POSITIVE
alhairi,POSITIVE
kauna,POSITIVE
sakawa,POSITIVE
hutu,POSITIVE
alkhr,POSITIVE
sabuwa,POSITIVE
taaziyyar,POSITIVE
bayanka,POSITIVE
shiryi,POSITIVE
sauwake,POSITIVE
adalchi,POSITIVE
inganta,POSITIVE
hadin gwiwar,POSITIVE
zaqi,POSITIVE
goyawa baya,POSITIVE
burgesu,POSITIVE
alhamdulillahi,POSITIVE
jajirtattun,POSITIVE
goyon baya,POSITIVE
tubarkalla,POSITIVE
sheki,POSITIVE
bulbul,POSITIVE
yapi,POSITIVE
lafiyayye,POSITIVE
yafika,POSITIVE
dauki,POSITIVE
sonka,POSITIVE
ranka yadade,POSITIVE
ta gari,POSITIVE
alkahiri,POSITIVE
ma sha allah,POSITIVE
haske,POSITIVE
amfanan,POSITIVE
jikanka,POSITIVE
haskaka,POSITIVE
tabbataciyar,POSITIVE
nasiha,POSITIVE
dafatan,POSITIVE
gwani,POSITIVE
anfika,POSITIVE
sunfi,POSITIVE
sonta,POSITIVE
soyayyar,POSITIVE
gudumuwar,POSITIVE
yabasu,POSITIVE
cetosu,POSITIVE
dogara,POSITIVE
iyawa,POSITIVE
sauki,POSITIVE
daidaita,POSITIVE
adali,POSITIVE
jankwarzo,POSITIVE
gyarata,POSITIVE
yanason,POSITIVE
cigaban,POSITIVE
rikon amana,POSITIVE
dadtaku,POSITIVE
kyautata,POSITIVE
basirar,POSITIVE
jaddada,POSITIVE
nafison,POSITIVE
kwar jini,POSITIVE
brk,POSITIVE
raya,POSITIVE
aurenta,POSITIVE
alfarmar,POSITIVE
hidima,POSITIVE
rabo,POSITIVE
birge ni,POSITIVE
in sha aallah,POSITIVE
lasheÔ∏è,POSITIVE
alhmdullh,POSITIVE
jarumi,POSITIVE
kishin kasa,POSITIVE
sadaka,POSITIVE
kaunarka,POSITIVE
soyayyarka,POSITIVE
biyaka,POSITIVE
farar aniya,POSITIVE
albarkacin,POSITIVE
aljannah,POSITIVE
amfaninta,POSITIVE
lumi lumi,POSITIVE
soyyaya,POSITIVE
kauwnaki,POSITIVE
azurtamu,POSITIVE
tarawa,POSITIVE
inshaallah,POSITIVE
murnar,POSITIVE
tayaki,POSITIVE
jajirtattu,POSITIVE
salihan,POSITIVE
rahamar,POSITIVE
daukin,POSITIVE
kawowa,POSITIVE
gaggawa,POSITIVE
amiin,POSITIVE
rahmar,POSITIVE
koya,POSITIVE
aurenki,POSITIVE
inasonki,POSITIVE
dakyau,POSITIVE
zasuyi,POSITIVE
darasi,POSITIVE
yayimana,POSITIVE
gaskiyan,POSITIVE
mudace,POSITIVE
ji∆ôan sa,POSITIVE
namu,POSITIVE
gaba,POSITIVE
yakikaye,POSITIVE
gafartawa,POSITIVE
lapiya,POSITIVE
tsawon kwana,POSITIVE
kwanciyar hankali,POSITIVE
kyawunki,POSITIVE
alfaharin,POSITIVE
huta,POSITIVE
aameen,POSITIVE
samo,POSITIVE
yan gatan,POSITIVE
hazikai,POSITIVE
fata,POSITIVE
dabaru,POSITIVE
zarata,POSITIVE
fiye,POSITIVE
munabayanka,POSITIVE
zakuci,POSITIVE
turowa,POSITIVE
sarauniya,POSITIVE
inasan,POSITIVE
kyuata,POSITIVE
kayatar,POSITIVE
kallo,POSITIVE
kakare,POSITIVE
alkhari,POSITIVE
maauratan,POSITIVE
samesu,POSITIVE
kyautar,POSITIVE
burina,POSITIVE
inason,POSITIVE
nutsuwa,POSITIVE
munaso,POSITIVE
jagorancin,POSITIVE
jindadin,POSITIVE
alh√©ri,POSITIVE
hada kai,POSITIVE
dubasa,POSITIVE
godewa,POSITIVE
nafi,POSITIVE
mukami,POSITIVE
dacewa,POSITIVE
sukafi,POSITIVE
zuria,POSITIVE
inayinki,POSITIVE
zuwa,POSITIVE
kuluwaa,POSITIVE
martaba,POSITIVE
cinyewa,POSITIVE
dubi,POSITIVE
angaishe,POSITIVE
sannun,POSITIVE
yakyautata,POSITIVE
yajikansu,POSITIVE
gwara,POSITIVE
masoyi,POSITIVE
gafara,POSITIVE
tallafa,POSITIVE
shaawar,POSITIVE
tareda,POSITIVE
arxiki,POSITIVE
yardan,POSITIVE
tamuce,POSITIVE
yaci gaba,POSITIVE
hore,POSITIVE
siya,POSITIVE
aci gaba,POSITIVE
kyakyawaÔ∏è,POSITIVE
godiyan,POSITIVE
niimarsa,POSITIVE
yanaji,POSITIVE
agaji,POSITIVE
sungode,POSITIVE
addini,POSITIVE
kulaki,POSITIVE
aminci,POSITIVE
yabaiyanashi,POSITIVE
gskia,POSITIVE
madaukakin,POSITIVE
santa,POSITIVE
anfane,POSITIVE
sani,POSITIVE
shirin,POSITIVE
jiqanta,POSITIVE
yaji ∆ôanku,POSITIVE
limami,POSITIVE
yadawo,POSITIVE
gaida,POSITIVE
nagode,POSITIVE
ciyo,POSITIVE
bude,POSITIVE
auren,POSITIVE
mugama,POSITIVE
arziqi,POSITIVE
yarjejeniyar,POSITIVE
alqawari,POSITIVE
inayinka,POSITIVE
ganawa,POSITIVE
sawwake,POSITIVE
mugani,POSITIVE
hura,POSITIVE
muntara,POSITIVE
tausaya,POSITIVE
yakeson,POSITIVE
agaskiya,POSITIVE
rawa,POSITIVE
rayaku,POSITIVE
citta,POSITIVE
auranta,POSITIVE
ataimaka,POSITIVE
kabata,POSITIVE
maiisonki,POSITIVE
daukowa,POSITIVE
kifi,POSITIVE
barkanmu,POSITIVE
yanci,POSITIVE
kyakykyawan,POSITIVE
armashi,POSITIVE
dadinku,POSITIVE
yin ki,POSITIVE
anfana,POSITIVE
dayafi,POSITIVE
inson,POSITIVE
rupa,POSITIVE
yatabbatar,POSITIVE
afuwa,POSITIVE
mungode,POSITIVE
maadallah,POSITIVE
mafificiyar,POSITIVE
rabamu,POSITIVE
giwa,POSITIVE
zaiyi,POSITIVE
kalle,POSITIVE
biyaa,POSITIVE
majidadin,POSITIVE
acigaba,POSITIVE
koshin lafiya,POSITIVE
rokonka,POSITIVE
yamaida,POSITIVE
kabamu,POSITIVE
sonmu,POSITIVE
tafisu,POSITIVE
halatta,POSITIVE
koyama,POSITIVE
kuyi,POSITIVE
naso,POSITIVE
kawayen,POSITIVE
mori,POSITIVE
fadakar,POSITIVE
munayinka,POSITIVE
nasararce,POSITIVE
awanye,POSITIVE
bukatan,POSITIVE
muradin,POSITIVE
fari,POSITIVE
tsapta,POSITIVE
soki,POSITIVE
zanbaki,POSITIVE
kicigaba,POSITIVE
goyan bayanka,POSITIVE
tayar,POSITIVE
tsareka,POSITIVE
yasakawa,POSITIVE
aljannan,POSITIVE
kadanje,POSITIVE
aurenkie,POSITIVE
shiryaki,POSITIVE
yaji qanshi,POSITIVE
kinfikyau,POSITIVE
sahannu,POSITIVE
daura,POSITIVE
yanaso,POSITIVE
akaso,POSITIVE
maikyau,POSITIVE
ribar,POSITIVE
anshaa,POSITIVE
gyaran,POSITIVE
fahimtan,POSITIVE
ci gaban,POSITIVE
mafificin,POSITIVE
arzuki,POSITIVE
biyyayya,POSITIVE
nunawar,POSITIVE
alfahrin,POSITIVE
rayu,POSITIVE
na gode,POSITIVE
alhmdllh,POSITIVE
sonji,POSITIVE
tasaka,POSITIVE
yatemaki,POSITIVE
zakizo,POSITIVE
mekyau,POSITIVE
daukinsa,POSITIVE
karuwar,POSITIVE
madallah,POSITIVE
mutuncinka,POSITIVE
nemo,POSITIVE
gyaruwa,POSITIVE
ja zamanin,POSITIVE
albarkar,POSITIVE
nagartar,POSITIVE
tsawon rai,POSITIVE
kinkoma,POSITIVE
ji kan,POSITIVE
haskka,POSITIVE
rahamarsa,POSITIVE
kyawu,POSITIVE
mashaallah,POSITIVE
anbude,POSITIVE
kusanci,POSITIVE
warakar,POSITIVE
dada,POSITIVE
yinkiÔ∏è,POSITIVE
tashe,POSITIVE
taje,POSITIVE
aljannar,POSITIVE
biyayya,POSITIVE
ayyuka,POSITIVE
kyawawan,POSITIVE
yashirye,POSITIVE
mutuncinki,POSITIVE
halal,POSITIVE
gayamasa,POSITIVE
dagewa,POSITIVE
shiryemu,POSITIVE
tsarki,POSITIVE
gyaramu,POSITIVE
isar,POSITIVE
shawartarku,POSITIVE
yadace,POSITIVE
yan uwanki,POSITIVE
tarbiyya,POSITIVE
ashuka,POSITIVE
tabiye,POSITIVE
dazakiyi,POSITIVE
shiryar,POSITIVE
taci,POSITIVE
shagalin,POSITIVE
kwarin gwiwa,POSITIVE
karbar,POSITIVE
alkayri,POSITIVE
rahamshesu,POSITIVE
jidadi,POSITIVE
tarbiyar,POSITIVE
anfani,POSITIVE
ma shaa allah,POSITIVE
mamaye,POSITIVE
shiriye,POSITIVE
cancantaÔ∏è,POSITIVE
yadaukaki,POSITIVE
jazakallah,POSITIVE
nafarko,POSITIVE
dayaga,POSITIVE
yaban,POSITIVE
xuwan,POSITIVE
ƒëaƒëi,POSITIVE
saisaita,POSITIVE
yinmu,POSITIVE
munatare,POSITIVE
masha allh,POSITIVE
yacigaba,POSITIVE
yiyuwa,POSITIVE
qarfafa,POSITIVE
ranste,POSITIVE
kihuta,POSITIVE
sa a,POSITIVE
taxo,POSITIVE
more,POSITIVE
ladan,POSITIVE
maigafarane,POSITIVE
saurin,POSITIVE
agaisa,POSITIVE
gayu,POSITIVE
shanawa,POSITIVE
biyaki,POSITIVE
masoyin,POSITIVE
goyi bayan,POSITIVE
auro,POSITIVE
moriyar,POSITIVE
anci,POSITIVE
kakawo,POSITIVE
yatsayar,POSITIVE
insha allahÔ∏è,POSITIVE
alkhairy,POSITIVE
sahun,POSITIVE
kabawa,POSITIVE
saar,POSITIVE
yajikanka,POSITIVE
yakai,POSITIVE
albarkah,POSITIVE
gdy,POSITIVE
aljannatul firdaus,POSITIVE
zartar,POSITIVE
alhamdullilahi,POSITIVE
kisamu,POSITIVE
haska,POSITIVE
tsaremu,POSITIVE
zaqin,POSITIVE
nakeso,POSITIVE
sameki,POSITIVE
nasami,POSITIVE
kinasona,POSITIVE
makurar,POSITIVE
tasa,POSITIVE
zamukai,POSITIVE
cii,POSITIVE
gareku,POSITIVE
dason,POSITIVE
mufikarfin,POSITIVE
tubanki,POSITIVE
allahu akhbar,POSITIVE
yakarbi,POSITIVE
nitsu,POSITIVE
alkhairee,POSITIVE
sauqi,POSITIVE
birgeta,POSITIVE
yabaku,POSITIVE
masoyinta,POSITIVE
zaifito,POSITIVE
magungunan,POSITIVE
anzama,POSITIVE
qarfin,POSITIVE
cikawa,POSITIVE
yatsare,POSITIVE
bayanshi,POSITIVE
kyakkyawon,POSITIVE
gafartamusu,POSITIVE
mabiya,POSITIVE
kyawawa,POSITIVE
kigwada,POSITIVE
agaishe,POSITIVE
kyau tatawa,POSITIVE
jiranki,POSITIVE
sami,POSITIVE
munemi,POSITIVE
sunbamu,POSITIVE
kugama,POSITIVE
farin jini,POSITIVE
yaxo,POSITIVE
nadaki,POSITIVE
sabbin,POSITIVE
jarumar,POSITIVE
yuwuwa,POSITIVE
kaucewa,POSITIVE
kwakkwaran,POSITIVE
zaije,POSITIVE
mutunta,POSITIVE
waliyyan,POSITIVE
kya wawan,POSITIVE
masoyiyah,POSITIVE
antaya,POSITIVE
insayamaki,POSITIVE
muradinki,POSITIVE
ngd,POSITIVE
lamuni,POSITIVE
antashi,POSITIVE
tukwicin,POSITIVE
muhuta,POSITIVE
kinfara,POSITIVE
nashiga,POSITIVE
burgeki,POSITIVE
kinchi,POSITIVE
daria,POSITIVE
qayataccen,POSITIVE
nishandatar,POSITIVE
sawa,POSITIVE
siyar,POSITIVE
anbashi,POSITIVE
kunkai,POSITIVE
gareka,POSITIVE
karfinka,POSITIVE
katsaremu,POSITIVE
kawar,POSITIVE
kashiga,POSITIVE
taimakonki,POSITIVE
tafito,POSITIVE
tashigo,POSITIVE
tsaida,POSITIVE
zakayi,POSITIVE
hankula,POSITIVE
miqo,POSITIVE
cinyemu,POSITIVE
aci,POSITIVE
taunawa,POSITIVE
riga kafi,POSITIVE
lafya,POSITIVE
yabaka,POSITIVE
yayewa,POSITIVE
fatammu,POSITIVE
taimakama,POSITIVE
kariya,POSITIVE
sahihan,POSITIVE
kagama,POSITIVE
qarfi,POSITIVE
alqawarin,POSITIVE
maganinta,POSITIVE
yayafe,POSITIVE
yahuta,POSITIVE
karbabbe,POSITIVE
yakawomuna,POSITIVE
cecemu,POSITIVE
shawarar,POSITIVE
wuff,POSITIVE
muhimmaci,POSITIVE
kyautawar,POSITIVE
zasuji,POSITIVE
kwarewa,POSITIVE
yajikanshii,POSITIVE
katausayamana,POSITIVE
kariyar,POSITIVE
madaukaki,POSITIVE
sauwaqa,POSITIVE
iyakantar,POSITIVE
jikanmu,POSITIVE
kadubemu,POSITIVE
kulawa,POSITIVE
masoyanta,POSITIVE
hakkin,POSITIVE
shagali,POSITIVE
saku,POSITIVE
kinbi,POSITIVE
tayinka,POSITIVE
hikimarsu,POSITIVE
roki,POSITIVE
daukakaki,POSITIVE
shawaran,POSITIVE
shahararren,POSITIVE
inganci,POSITIVE
roko,POSITIVE
inshaallahu,POSITIVE
yatsaremu,POSITIVE
akafi,POSITIVE
ayabamata,POSITIVE
andainashi,POSITIVE
nisha dantar,POSITIVE
kataimaka,POSITIVE
horema,POSITIVE
arzikin,POSITIVE
nisan tamu,POSITIVE
masoyan,POSITIVE
kareku,POSITIVE
tsareku,POSITIVE
imaninsu,POSITIVE
alfarman,POSITIVE
kautarmana,POSITIVE
hutawa,POSITIVE
albarkanshi,POSITIVE
fiyayyen,POSITIVE
juri,POSITIVE
ingantaccen,POSITIVE
fasaha,POSITIVE
aminan,POSITIVE
karfinshi,POSITIVE
yarike,POSITIVE
dorashii,POSITIVE
sonsu,POSITIVE
lafiyarsu,POSITIVE
raye,POSITIVE
tafiye,POSITIVE
anfanin,POSITIVE
yakaramai,POSITIVE
yaisa,POSITIVE
umurnin,POSITIVE
ƒëauki,POSITIVE
ya∆ôara,POSITIVE
angirmi,POSITIVE
maamalla,POSITIVE
maigirma,POSITIVE
hakura,POSITIVE
munyii,POSITIVE
alkairin,POSITIVE
kugani,POSITIVE
arzikinsa,POSITIVE
yawadatamu,POSITIVE
nadawa,POSITIVE
ka yi,POSITIVE
∆ôarhinmu,POSITIVE
garkuwa,POSITIVE
muntuba,POSITIVE
mundawo,POSITIVE
kaunan,POSITIVE
kware,POSITIVE
hutuce,POSITIVE
maganinsu,POSITIVE
shiryeki,POSITIVE
mayar,POSITIVE
hango,POSITIVE
fadawanka,POSITIVE
albarkanci,POSITIVE
ciniki,POSITIVE
parin cikin,POSITIVE
mataimaka,POSITIVE
adduoin,POSITIVE
taimakon,POSITIVE
huddubar,POSITIVE
…óauki,POSITIVE
sako,POSITIVE
tallafin,POSITIVE
saan,POSITIVE
kayafe,POSITIVE
yarufa,POSITIVE
alkaeri,POSITIVE
masha allahu,POSITIVE
kaunarsu,POSITIVE
dangana,POSITIVE
tawan,POSITIVE
juya,POSITIVE
yimusu,POSITIVE
nakallla,POSITIVE
munyafe,POSITIVE
abinyi,POSITIVE
masoyinki,POSITIVE
hankaline,POSITIVE
yamuna,POSITIVE
tayaku,POSITIVE
warke,POSITIVE
gskiya,POSITIVE
yasada,POSITIVE
saada,POSITIVE
gafartamawa,POSITIVE
yatsari,POSITIVE
albarkan,POSITIVE
zabar,POSITIVE
inyaso,POSITIVE
akoshi,POSITIVE
jin jina,POSITIVE
wasan,POSITIVE
wucemana,POSITIVE
takaita,POSITIVE
anyiwa,POSITIVE
niyyar,POSITIVE
ingantacciyar,POSITIVE
inshallah,POSITIVE
yabiyani,POSITIVE
tallafi,POSITIVE
faranta,POSITIVE
tanadi,POSITIVE
rana,POSITIVE
iyawarka,POSITIVE
amfanar,POSITIVE
raga,POSITIVE
kunci,POSITIVE
yaji kansa,POSITIVE
shahada,POSITIVE
ladabi,POSITIVE
tsarkin,POSITIVE
kayaye,POSITIVE
darajan,POSITIVE
xinareÔ∏è,POSITIVE
kunfi,POSITIVE
tallafawa,POSITIVE
anaso,POSITIVE
yafemu,POSITIVE
zabeshi,POSITIVE
hnkli,POSITIVE
soyayar,POSITIVE
rabonsa,POSITIVE
kajiqan,POSITIVE
kabasu,POSITIVE
kataimaki,POSITIVE
maficicin,POSITIVE
waiwaye,POSITIVE
sakayyarmu,POSITIVE
halacci,POSITIVE
yaqarama,POSITIVE
anasan,POSITIVE
yagafartamasa,POSITIVE
jiqan shi,POSITIVE
sunsaki,POSITIVE
maji,POSITIVE
suzo,POSITIVE
shiriya,POSITIVE
kirkiri,POSITIVE
kahada,POSITIVE
masoyanmu,POSITIVE
bukatu,POSITIVE
yafeman,POSITIVE
jin∆ôai,POSITIVE
goyan baya,POSITIVE
kasaukaka,POSITIVE
darajiar,POSITIVE
girmanka,POSITIVE
sundawo,POSITIVE
farincikina,POSITIVE
iyawaa,POSITIVE
dokan,POSITIVE
ibadu,POSITIVE
daukakashi,POSITIVE
alfaharina,POSITIVE
kyautatawa,POSITIVE
kirari,POSITIVE
wadatar,POSITIVE
kiyayemu,POSITIVE
sunzo,POSITIVE
hikima,POSITIVE
sumbata,POSITIVE
kakeyi,POSITIVE
sanaar,POSITIVE
qwato,POSITIVE
ji qan,POSITIVE
∆ôarbi,POSITIVE
kanshi,POSITIVE
fitaccen,POSITIVE
yayemana,POSITIVE
sakayawa,POSITIVE
taimakeki,POSITIVE
yayii,POSITIVE
rahamce,POSITIVE
adalin,POSITIVE
tausayin,POSITIVE
oyoyo,POSITIVE
mafuta,POSITIVE
keson,POSITIVE
amfaneta,POSITIVE
nissan,POSITIVE
saurara,POSITIVE
al barka,POSITIVE
al farmar,POSITIVE
jiqansa,POSITIVE
jajirtacce,POSITIVE
aljannatul fiddausi,POSITIVE
hakkina,POSITIVE
gafartamasa,POSITIVE
gwanda,POSITIVE
asa,POSITIVE
rigakafin,POSITIVE
anjii,POSITIVE
kishinsa,POSITIVE
al farman,POSITIVE
yayaye,POSITIVE
gwanin,POSITIVE
mashaa allah,POSITIVE
mashallah,POSITIVE
salihai,POSITIVE
yamiki,POSITIVE
yayarda,POSITIVE
kyautaba,POSITIVE
amarya,POSITIVE
za…ìan,POSITIVE
ciyar,POSITIVE
ibadah,POSITIVE
sunso,POSITIVE
gatanmu,POSITIVE
zakama,POSITIVE
makamar,POSITIVE
barakallah,POSITIVE
kidore,POSITIVE
hadufa,POSITIVE
rahman,POSITIVE
amincin,POSITIVE
kin yi,POSITIVE
ki fi,POSITIVE
maraba,POSITIVE
wankanki,POSITIVE
∆ôo∆ôari,POSITIVE
ameenÔ∏èÔ∏è,POSITIVE
qarawa,POSITIVE
dadinka,POSITIVE
karanta,POSITIVE
jikantaÔ∏è,POSITIVE
maana,POSITIVE
sakeshi,POSITIVE
albishir,POSITIVE
washewa,POSITIVE
yaimiki,POSITIVE
yadatar,POSITIVE
karban,POSITIVE
rabauta,POSITIVE
rangwame,POSITIVE
fahimtarka,POSITIVE
niima,POSITIVE
lamunce,POSITIVE
nunama,POSITIVE
yakaresu,POSITIVE
sakemu,POSITIVE
kanyi,POSITIVE
yasaki,POSITIVE
damadama,POSITIVE
bikin,POSITIVE
diba,POSITIVE
gaskiyani,POSITIVE
sunkama,POSITIVE
amiinÔ∏èÔ∏èÔ∏è,POSITIVE
kakeso,POSITIVE
haye,POSITIVE
bayar,POSITIVE
sadakar,POSITIVE
zamufito,POSITIVE
kafimu,POSITIVE
anbawa,POSITIVE
hankuri,POSITIVE
yanayin,POSITIVE
sha awar,POSITIVE
mapitah,POSITIVE
∆ôarawa,POSITIVE
maganinku,POSITIVE
garkuwar,POSITIVE
kahuta,POSITIVE
sekunci,POSITIVE
isarwa,POSITIVE
saiyafi,POSITIVE
kwalliyar,POSITIVE
lpia,POSITIVE
kyakkyawar,POSITIVE
amanarmu,POSITIVE
gayama,POSITIVE
dadine,POSITIVE
gwanina,POSITIVE
yasaya,POSITIVE
kukeso,POSITIVE
kunsan,POSITIVE
kuyafe,POSITIVE
magada,POSITIVE
munfii,POSITIVE
yafemiki,POSITIVE
goyanka,POSITIVE
mun ci,POSITIVE
kaikaji,POSITIVE
riga kafin,POSITIVE
qware,POSITIVE
yasanta,POSITIVE
fadamana,POSITIVE
kusha,POSITIVE
fashimta,POSITIVE
tsawon rae,POSITIVE
gatanka,POSITIVE
kayafemana,POSITIVE
aduaa,POSITIVE
jinkan,POSITIVE
burinki,POSITIVE
sawwaqe,POSITIVE
karama,POSITIVE
qoqarin,POSITIVE
sawaka,POSITIVE
saukemana,POSITIVE
ybshi,POSITIVE
soyayyan,POSITIVE
goyo baya,POSITIVE
ango,POSITIVE
taemakeki,POSITIVE
gaskiyah,POSITIVE
yataimako,POSITIVE
farin chiki,POSITIVE
barkanku,POSITIVE
yassare,POSITIVE
biyama,POSITIVE
alhamdullah,POSITIVE
maa sha allah,POSITIVE
gogarman,POSITIVE
shagulgulan,POSITIVE
hutuchi,POSITIVE
aamen,POSITIVE
kayayewa,POSITIVE
darajjar,POSITIVE
kyeu,POSITIVE
yaba su,POSITIVE
kharain,POSITIVE
jaxakallah,POSITIVE
shalele,POSITIVE
gskyar,POSITIVE
aureÔ∏è‚ÄçÔ∏è‚Äç,POSITIVE
ibadar,POSITIVE
munada,POSITIVE
alhmdlhh,POSITIVE
maganinmu,POSITIVE
mudace‚ÄçÔ∏è‚ÄçÔ∏è,POSITIVE
yataimake,POSITIVE
mukara,POSITIVE
yatayaka,POSITIVE
alhmdlh,POSITIVE
mafin,POSITIVE
yayikyau,POSITIVE
kugane,POSITIVE
rabona,POSITIVE
megida,POSITIVE
kashirya,POSITIVE
yataya,POSITIVE
ganar,POSITIVE
madedeciya,POSITIVE
tuban,POSITIVE
yafisu,POSITIVE
gabadai,POSITIVE
jazakallahu khair,POSITIVE
ùê§ùê¢ùê≤ùêöùê≤ùêû,POSITIVE
tsarewa,POSITIVE
yayafemana,POSITIVE
rahamah,POSITIVE
kakawomana,POSITIVE
yajiqansu,POSITIVE
daukih,POSITIVE
rahmarka,POSITIVE
karekii,POSITIVE
buda,POSITIVE
al jannah,POSITIVE
kiso,POSITIVE
mudafe,POSITIVE
alkharin,POSITIVE
hkuri,POSITIVE
lpya,POSITIVE
lahiya,POSITIVE
albakarci,POSITIVE
jagoranci,POSITIVE
mugode,POSITIVE
dachewansa,POSITIVE
dache,POSITIVE
nunamana,POSITIVE
yasadamu,POSITIVE
kubutar,POSITIVE
hakali,POSITIVE
tariga,POSITIVE
musanshi,POSITIVE
arzikinsu,POSITIVE
hadasu,POSITIVE
sulhu,POSITIVE
qarin,POSITIVE
walwalar,POSITIVE
hamdallah,POSITIVE
doraka,POSITIVE
gasken,POSITIVE
anbada,POSITIVE
shawarata,POSITIVE
kuzari,POSITIVE
nutsuwar,POSITIVE
rufawa,POSITIVE
ragawa,POSITIVE
karfice,POSITIVE
fidda,POSITIVE
kakeson,POSITIVE
jindadinku,POSITIVE
washe baki,POSITIVE
masalaha,POSITIVE
kanunawa,POSITIVE
bin bayansa,POSITIVE
sonku,POSITIVE
yapara,POSITIVE
dadinsa,POSITIVE
sukasha,POSITIVE
fasaharka,POSITIVE
zazzafan,POSITIVE
rahamsheshi,POSITIVE
haqqi,POSITIVE
cibagan,POSITIVE
NA,POSITIVE
