ID	tweet	label
ts_train_00001	@user Loku u navela Ku tissunga, tissungueğŸ•³ï¸	negative
ts_train_00002	Aha... Auxeni ti nguavani	negative
ts_train_00003	Hahahahaha ih, tipo arrombaram o nhoster, ğŸ˜‚ğŸ˜‚ğŸ‘ https://t.co/OTTuJlkK3l	negative
ts_train_00004	Hiiiii ni livrarih !!	negative
ts_train_00005	@user ğŸ˜± oh hosi yanga ğŸ™†	negative
ts_train_00006	@user Eeeeh a nsati lwei a banana maj...	negative
ts_train_00007	Mu nga ni landzi... Na loya	negative
ts_train_00008	@user A ta ti nhelağŸ˜‚	negative
ts_train_00009	Wa ni Danissa ğŸ™„ https://t.co/1pXjbA0QSI	negative
ts_train_00010	U gama u Kuma 2 valores https://t.co/TfQYeTa4kI	negative
ts_train_00011	Ihhhhhhhhhhh... A chirami ka lomuu!!!!	negative
ts_train_00012	@user entÃ£o ungah ni trapalhari wena pah...	negative
ts_train_00013	Hahahah swa nsila sÃ³ ğŸ˜‚ğŸ˜‚ğŸ˜‚ğŸ˜‚ https://t.co/NILtGhy1pu	negative
ts_train_00014	Famba ni ma Range ya wena ğŸ˜‚ğŸ˜‚ğŸ˜‚ğŸ˜‚	negative
ts_train_00015	A xilungu xakarata. ğŸ¤¦ğŸ¾	negative
ts_train_00016	@user Famba ti gumula hi parede	negative
ts_train_00017	U bihile demais, lokhu ulangunta hansi a xikwembo swo kubha I mazwidji. ğŸ¤£ğŸ¤£ğŸ¤£	negative
ts_train_00018	Yuh... MamÃ£... A ni ku lavi minağŸ•ºğŸ¿	negative
ts_train_00019	I tinholuene a xwi Dari https://t.co/hAYe2sMVrB	negative
ts_train_00020	@user Wa hlanha lweyiğŸ˜‚ğŸ˜‚	negative
ts_train_00021	@user KI estÃ¡ a criar um Vuku Vuku grande sabe	negative
ts_train_00022	Messi Wa Nhine ğŸ˜‚	negative
ts_train_00023	@user ğŸ™† hosi yanga ğŸ˜¹ğŸ˜¹ğŸ˜¹	negative
ts_train_00024	@user Uta ni dhlaya	negative
ts_train_00025	Xitomb* xa wuako https://t.co/r5w8GnhRYw	negative
ts_train_00026	Ih ni livrari, yu. https://t.co/BRPTViLFJc	negative
ts_train_00027	Ho hi danissa wena wananga https://t.co/zWhrWVFQ4i	negative
ts_train_00028	@user WuaağŸ˜… swa ma SUPERA PATRICK ani tendereğŸ˜…	negative
ts_train_00029	Hi tafa hi ndlala	negative
ts_train_00030	@user Namuntlha nada baiye, a xirhame ci demanji	negative
ts_train_00031	Suka, xtapora: Niti dlela male ya Mina ğŸ¤ŒğŸ½ Toh ta falar, Noh ti dlela male yah Mina ğŸ˜‰	negative
ts_train_00032	@user Hambi uku nhÃ³ ğŸ™„, um dia uta sunguna ku phuza na mesmağŸš¶ğŸš¶ğŸš¶	negative
ts_train_00033	Swi mbeni... Mas vale u mielaaaaaaaa	negative
ts_train_00034	Famba uya ti fassağŸ˜¤ https://t.co/rXNiryPCRL	negative
ts_train_00035	@user Pimissa nhana u tsika madururo	negative
ts_train_00036	Barcelona ( Loko ni file mungane rilane..)	negative
ts_train_00037	Swa yentxeka nÃ£o tÃ¡ nada nice ğŸ˜­ğŸ’€	negative
ts_train_00038	Hahahahaha hadjakufa lweyi... Ã‰ provocar overdose isso! ğŸ˜‚ https://t.co/OicW5UEMax	negative
ts_train_00039	@user @user Swimbenhane wa dja ku ni hembissa ja ğŸ˜‚ğŸ˜‚ğŸ˜‚ğŸ˜‚ğŸ˜‚ğŸ˜‚	negative
ts_train_00040	Aha swa mbangue... Tsala swi mbeni... Hloko ya pao	negative
ts_train_00041	@user Nawene tem que o tsika madururo u pimissa nhana	negative
ts_train_00042	@user @user Ova na vuntswaka lowa nhloko	negative
ts_train_00043	Yuh... VÃ¡ djula ku ih hlongola ka tiku ledzi... Ih dhlawileh https://t.co/vpH6wgZKdd	negative
ts_train_00044	U ku um dois u mu ba ka xifuva a fa.... Inah... Swa djuleka ğŸ˜­ğŸ˜­	negative
ts_train_00045	Hosi yanga ğŸ™†ğŸ¾â€â™‚ï¸ğŸ™†ğŸ¾â€â™‚ï¸ğŸ™†ğŸ¾â€â™‚ï¸ https://t.co/fSlFykkTJ0	negative
ts_train_00046	Wali wa Dula ğŸ˜­ https://t.co/sQ0HCqUo7E	negative
ts_train_00047	@user Unga hi nhenhentsi wena	negative
ts_train_00048	@user A nguenile matilweneğŸ˜­	negative
ts_train_00049	Ikhali mina ni zunga waku djokuni tolovela - sg	negative
ts_train_00050	@user @user Vha ta dlayağŸ˜­	negative
ts_train_00051	@user Swa kharata mpela... Khambi... Funtsi a ih swi tsiki... ğŸ˜”	negative
ts_train_00052	U la kuta ka mina Ungati na usiku U zama zama kuni phazamisa ... U la ku nivuyisela a gono ni meticali	negative
ts_train_00053	ğŸ˜†ğŸ˜†ğŸ˜†ğŸ˜†ğŸ˜†ğŸ˜†ğŸ˜†ğŸ˜† A xizame da kwapa mesmo https://t.co/NHgwJMAfrx	negative
ts_train_00054	@user Mas Khasi a u teke nsati hi maka muni!?	negative
ts_train_00055	Famba ti kundza invejosa ğŸ¤£ https://t.co/j7E0qcKys1	negative
ts_train_00056	Ceh Ina ka! I para hi ku yini? https://t.co/HZbhA0cYkE	negative
ts_train_00057	Ka hissa kola missavene. ğŸ˜­ğŸŒ	negative
ts_train_00058	@user @user @user @user @user @user @user Hi maka Ruy ğŸ˜‚	negative
ts_train_00059	@user Swimbenhane vata hi rhivalela mas ava futseke...	negative
ts_train_00060	@user Uku ni dzo ğŸ˜‚ğŸ˜‚ğŸ˜‚ğŸ˜‚	negative
ts_train_00061	@user Hi ku pfinha, va hi sola	negative
ts_train_00062	@user ğŸ¤£ why uni lembrara lexwu ğŸ˜¤ wena wa kazata	negative
ts_train_00063	Va khu ndzaveta u va khuma la https://t.co/tPpLJUXwiQ	negative
ts_train_00064	@user @user Ani madururu npfana lweyiğŸ˜¹	negative
ts_train_00065	â€œA xwi chegui ka?â€ ğŸ˜­ğŸ˜­ https://t.co/8e8jEUeM0n	negative
ts_train_00066	@user @user Yu , tindzava ? Tsika mbangui mpfana e nita ku desprogramara	negative
ts_train_00067	@user Himpela wo nhimela nkama wa ko u fika, yena a poronto, ni mu fundile bem, mas wa karhata nhana....	negative
ts_train_00068	@user ğŸ¤£ğŸ¤£ğŸ¤£ğŸ¤£ğŸ¤£ğŸ¤£ğŸ¤£ğŸ¤£ğŸ¤£ğŸ¤£famba u ya ti gunha hi parede.	negative
ts_train_00069	Swa mbangue ni ma cigarri !!! https://t.co/3DZRDFHJw1	negative
ts_train_00070	U tsama u ui vona a mbongolo yi nga xidjana*? ğŸ¤” Ih leyi Lani ğŸ˜‚ğŸ˜‚ https://t.co/R3wBgvTXIc	negative
ts_train_00071	@user Tili luweme nase A Mulungu otisunga	negative
ts_train_00072	@user @user Unga ni lhanhele mina	negative
ts_train_00073	A xizame xo kwapa hiğŸ¥¶	negative
ts_train_00074	Hi Ta Hambana Hi Ma Central @user ğŸ˜­ğŸ˜­ https://t.co/duLp8VeqA0	negative
ts_train_00075	@user Afinal fere a vista? ğŸ˜‚ğŸ˜‚ğŸ˜‚ Ni dzivaleli a ni nga swi tivi ğŸ¤£	negative
ts_train_00076	@user Uta kuma timaka hi maka ma brincadeira	negative
ts_train_00077	@user Wena uni ntxumo uxi mahaka ni guele, ingui u bom pra puto puto, mas haaaaa	negative
ts_train_00078	Wenna @user hu ta ni txanissa ih voz man https://t.co/HyFpfT0aJZ	negative
ts_train_00079	@user Va mu tlelile pah ğŸ˜­ğŸ˜­ğŸ˜­ tlelaaa!!!	negative
ts_train_00080	Misava yi Bihile ihhhhğŸ˜¤ğŸ˜¤â¤ï¸â¤ï¸ğŸ¤²ğŸ¤²ğŸ¤²ğŸ¤² @user	negative
ts_train_00081	Tiva Hini hi khu fassa ğŸ˜¡ https://t.co/y62SJaptDz	negative
ts_train_00082	Hi dlawile ğŸ¤£ğŸ¤£ğŸ¤£ https://t.co/eDAoFMhw7s	negative
ts_train_00083	â€œKasse mamana ya wena ii herioaâ€ğŸ˜­ğŸ˜­ğŸ˜¹	negative
ts_train_00084	@user @user @user @user Himakha mune lesho, Em Moz seria ""ku ba mpama mina"" durante.	negative
ts_train_00085	U La Ku Nitxintxa My Baby! U La Ku Nitxintxa My Baby!	negative
ts_train_00086	@user @user Nitaku panhula hi xinwui* xa tiroğŸ˜‚ğŸ˜‚	negative
ts_train_00087	@user Unga ni lhekiğŸ˜¡	negative
ts_train_00088	Mina ningue fambi hi lane	negative
ts_train_00089	A xizami ehhh ğŸ˜­	negative
ts_train_00090	Na Unitiva tem OpiumğŸ¥º https://t.co/Wqn5g9ZB9M	negative
ts_train_00091	@user Wa nsila lweyii... ğŸ˜ª Damnnnnnnn	negative
ts_train_00092	@user Senhora atirha hospital privado lani a humaka kona vatwa hiyena vana vayena angava pfumeli vatlanga na vana vanwani @user @user @user	negative
ts_train_00093	U ta swi vona. https://t.co/2UVVwSX9cv	negative
ts_train_00094	@user @user Pfutseka! Para ti que ttaste	negative
ts_train_00095	@user Heee ... ha ni wa lewso mina ğŸ˜­ğŸ˜­ğŸ˜­ğŸ˜­	negative
ts_train_00096	â€œWa Vizinhouuu Nikonbela Ko Loyiwaaaaâ€ https://t.co/pLSSvDPvKL	negative
ts_train_00097	Nitaku panhula ih xinwe xa tiroğŸ˜‚ https://t.co/Sx54jesXJW	negative
ts_train_00098	Nako male ya mu phuntissa https://t.co/BFe0HqToDa	negative
ts_train_00099	@user Depois saem hi matalane Vha buya vhata yih hlupa	negative
ts_train_00100	Swi mbeni e mÃ¡ vagwi ya mÃ¡ like	negative
ts_train_00101	Vamos demostrar solidariedade masculina! A XI pfutseki https://t.co/qn4RlxH9XZ	negative
ts_train_00102	Manhokonhoko tsem ... ğŸ¤¦ğŸ½â€â™‚ï¸ğŸ¤¦ğŸ½â€â™‚ï¸ğŸ¤¦ğŸ½â€â™‚ï¸ SWA ti mbangue ni ma cigarri leswoooo...ğŸ˜©ğŸ˜©ğŸ˜©... Lol... Just jkn https://t.co/pYQyQ2p0bA	negative
ts_train_00103	Vataku yivissa mova mamanou, owooooooh. Wa tlanga wena. Keep tlanguing, uta dzila. https://t.co/lraQGWA6Gg	negative
ts_train_00104	@user Unga lhai, lava vÃ¡ lhayaka swaku kuni ma gerador nem a vÃ¡ kutive Albasine cola ka maputsu, ambi bobole loko kungana placa ava ku tive, ja vÃ¡ tiva ma gerador ya tiko, hewenou, hambe male kona ma gerador a mana gasolina pru falta ya orÃ§amento.	negative
ts_train_00105	@user @user A vhula vhula ngopfu problema	negative
ts_train_00106	A biwile hi xoque Mano Mone txiii https://t.co/PNAkM0lTWT	negative
ts_train_00107	nitaku panhula hi xikwe xa tiro lÃ¡ ğŸ˜‚ğŸ˜‚ https://t.co/FiACRWQC5t	negative
ts_train_00108	Hambi honi nhenha kassi wani nhenha wayi uni nhenha ğŸ¶ Mavelevele Hustler ğŸ”¥	negative
ts_train_00109	Haaaaaaaaaaaa... wa hemba https://t.co/GOXN197h9l	negative
ts_train_00110	â€œXitombo xa zaidaâ€	negative
ts_train_00111	@user ya pokehh o xpantuu.. #l0lzz	negative
ts_train_00112	Aweh.. A tihlu ğŸ˜­ https://t.co/mN1n4oBCLW	negative
ts_train_00113	Xa gwirha Hiiiii a XI vojani https://t.co/VRm28vvNFV	negative
ts_train_00114	@user Ahu xitwi xizami papÃ¡ ğŸ˜­	negative
ts_train_00115	Conforme Muswivonaka va timile maguezi... khanimambo EDM	negative
ts_train_00116	Hi honili ini jÃ¡? https://t.co/gKpCYwW1W7	negative
ts_train_00117	ğŸ‡§ğŸ‡·ğŸš¶â€â™‚ï¸ğŸ’‡ğŸš´: ColisenÃ§a ğŸ‡²ğŸ‡¿ğŸš¶â€â™‚ï¸ğŸš´: Awe Xitombo xa mwako uly istrato xanhine wako lexy.ğŸ˜‚ğŸ˜‚	negative
ts_train_00118	Cada porcaria... Hosi yanga	negative
ts_train_00119	Edjoo. Fria ta kwaparğŸ˜‘	negative
ts_train_00120	@user A u tivi ntxumu	negative
ts_train_00121	Para depois anga nandzikeğŸ—‘ğŸ™†ğŸ½â€â™€ï¸ leswo swa ma foto hum https://t.co/KywAT2Ot1a	negative
ts_train_00122	Fui dar uma chance a sushi swani luma ndzene	negative
ts_train_00123	Himina muyivi WA botija ğŸ˜‚ğŸ˜‚ğŸ˜‚ğŸ˜‚ğŸ˜‚ https://t.co/mMuRG79ePa	negative
ts_train_00124	Manter estrada que estamos a pagar?ğŸ˜‚ğŸ˜‚ munga hilhupi	negative
ts_train_00125	Ka hissa lah Kah maputso.	negative
ts_train_00126	Marido: (apÃ³s ter pedido chÃ¡ hÃ¡ uma hora) serÃ¡ que ni ta kweva a chana namutla. Esposa: u ta kweva boy, aliÃ¡s boss. Marido: hi mani boy? Esposa: ni phazamile, hi wena boss. Assim estamos na esquadra ğŸ¤·ğŸ½â€â™‚ï¸	negative
ts_train_00127	Ku gama ku humelela Mabandido ğŸ˜­ https://t.co/EhALU9zITQ	negative
ts_train_00128	@user Swi tivissi swi biya kkkk	negative
ts_train_00129	@user WA loya ğŸ˜‚ğŸ˜‚ğŸ˜‚	negative
ts_train_00130	porras ya, swi tÃ¡ gama hi merda	negative
ts_train_00131	Bom rapper. A gama ku biwa ğŸ˜­	negative
ts_train_00132	@user XÃ´ lava kunha sÃ³! Mara WA XI lumbeta	negative
ts_train_00133	Fotos do IDAI tsika ku hi hembela https://t.co/YtQx0NpflH	negative
ts_train_00134	@user Ku biya kwakuğŸ˜‚ğŸ˜‚	negative
ts_train_00135	Nem Ã© WOW... kasi a ni ya kwini	negative
ts_train_00136	Matximba yaku ingui swa mahala ğŸš®ğŸš¶ğŸ¾ğŸƒ https://t.co/6FfdNrx1pp	negative
ts_train_00137	@user Wa biwa wene	negative
ts_train_00138	@user he Ningoss ani voni ku biha loku hiya hala ka Twitter na whtspp mara ka facebook swibihini. Niri Khombomuni-Mozambique	negative
ts_train_00139	@user hiiiiiiii wa ni xicha :-(	negative
ts_train_00140	Hawena hinga ni tsika pah https://t.co/RM9k5zuWsn	negative
ts_train_00141	@user epa, a swi dare	negative
ts_train_00142	Utwa mbangui wena https://t.co/ER3oeSGkBJ	negative
ts_train_00143	@user Ina ku jika jika ntsena	negative
ts_train_00144	Ni ta ku ronha gotwana... ğŸ¶	negative
ts_train_00145	@user ni khome buti @user	negative
ts_train_00146	@user sister lowi hikuya himina angatekiwange end ana vana vanarho va papa vo habana end angangeni kereka nabiya wa phuza	negative
ts_train_00147	A vavasati ya tswira a tibi bem hi nhloko http://t.co/aoShU99c7f	negative
ts_train_00148	@user rixile vha haxi leswi ningakaswona namuntlha swivhavha ngopfo ğŸ˜­ aswihambananga no bhukela a T V yokala yinga vulavuli ka xiphemu lexo sungula nita muvhona kola ka twiter @user @user @user	negative
ts_train_00149	Tivha yini hi paixao wenaa https://t.co/7tX3hRbQSn	negative
ts_train_00150	@user Oh Ok xÃ´ niku txiketile	negative
ts_train_00151	@user wa gwira weni pa	negative
ts_train_00152	@user Va xisati hi kotala avana sapoti wansati hambi loko ari president u tsaka hi kuxaveliwa vatlela vadiziwa. niri la moz	negative
ts_train_00153	ğŸ˜¹ğŸ˜¹ğŸ˜¹ğŸ˜¹ğŸ˜¹ EDM, djoh... Wa hi danissa	negative
ts_train_00154	Wa famba o duwuliwa	negative
ts_train_00155	@user famba txuta hahaha. ğŸ˜‚	negative
ts_train_00156	@user @user @user minga valavuli hi @user mbilu ya mina ya vava vahaxi....	negative
ts_train_00157	Ihhhhh ih ih ih um perigoso awenaaaaaa	negative
ts_train_00158	Wena awu ni tendere nkata '8)	negative
ts_train_00159	Fissekane ni Barcelona yenu ğŸ˜‚ğŸ˜‚ğŸ˜‚ğŸ˜‚ #HallaMadid ğŸ˜ğŸ˜ğŸ˜	negative
ts_train_00160	@user Wa Loya wene ğŸ˜‚ğŸ˜‚ğŸ˜† hi tsiki	negative
ts_train_00161	@user @user sangula ku switwa, ti vutisa ku va ngave va endle yin xakahle namuthla	negative
ts_train_00162	@user Niva vonili lavaka mhani ku va xongile swinene. ndlela ya Xai Xai na yona ya penga, na leswa maphorisa loko swiku yimisa swo tirha ro ""no problem, the problem is coca cola"" ğŸ˜‚ğŸ˜‚	negative
ts_train_00163	Aweennn ..Ka hissah.. nem haku sebaa doze	negative
ts_train_00164	Ih piki sixti i dii nirmil. Ftsekeee. Maluuuuco	negative
ts_train_00165	Nada a swi twsisiseke https://t.co/cL7OuSCkJC	negative
ts_train_00166	@user Tsek wena satan	negative
ts_train_00167	Wa yitiva @user wena kumbe hota mbangui loko yi nhiwe himbutiğŸ˜‚ğŸ˜‚ğŸ˜‚ğŸ˜ğŸ˜na weğŸ‘‰ @user ğŸ˜‚ğŸ˜ @user @user	negative
ts_train_00168	Yeah,Famba a la mierda https://t.co/heAC7D7oC2	negative
ts_train_00169	Dadinhaz around tha world hani tsikka ka maputo afamba a tshama london	negative
ts_train_00170	A mbangui mu dzahaka Yowe yowe	negative
ts_train_00171	@user ğŸ˜­ğŸ˜­ ni caralile boy	negative
ts_train_00172	xitombo xa ngwako https://t.co/U46JiZThRL	negative
ts_train_00173	Uwani me chamou de marandza ihğŸ˜­ğŸ˜­ğŸ˜­ğŸ˜‚ğŸ˜‚ğŸ˜‚ğŸ˜‚ğŸ˜‚	negative
ts_train_00174	Futseka wena. Famba ti ginha hi xpinhosa https://t.co/ssxYifA5sY	negative
ts_train_00175	@user Ni ta rendera	negative
ts_train_00176	Aah futsek wena https://t.co/quvUb9o7DF	negative
ts_train_00177	Xitombo xa nhomphi ğŸ™„ğŸ˜’ğŸ˜‚ https://t.co/fPXTRtSpMN	negative
ts_train_00178	@user Xitombo xa wanku	negative
ts_train_00179	A va vassati va loya!	negative
ts_train_00180	Futseka wena eh https://t.co/TxMaHlRaNU	negative
ts_train_00181	@user Amitxino ya barhule yifambisana nitisimu ta yenağŸ˜‚iswo rhuketela hikwaswo @user @user @user @user @user	negative
ts_train_00182	ğŸ˜‚ğŸ˜‚ğŸ˜‚ğŸ¤£ Wa hlanya wena Kea bona. https://t.co/U7wuu4u964	negative
ts_train_00183	@user @user @user @user admitam, mu vha yive nwine.	negative
ts_train_00184	Fisseke wena pah https://t.co/U2SFMyevmu	negative
ts_train_00185	#SabedoriaLocal: ""Leswi munga ka swona swi fana ni kuya rhinga Nyanga kumbe ya tirha"" TI VONELE NGOZI MADALA!!! #nDota! #DÃ¡lvioMachava!	negative
ts_train_00186	Wa hi hemba mane ğŸ˜ª	negative
ts_train_00187	Maputo ka hisa sorry la	negative
ts_train_00188	@user hahahah u ta rendera	negative
ts_train_00189	@user @user Essa noite ? Swa hila	negative
ts_train_00190	Loku u gwuira ni ta ku tsika ğŸ¶ ğŸ•ºğŸ¿	negative
ts_train_00191	ğŸ˜¹ğŸ˜¹ğŸ˜¹ğŸ˜¹ğŸ˜¹ğŸ˜¹ loku u dlhawa hi precoce ğŸ˜¹ğŸ˜¹ https://t.co/0E43GekZkq	negative
ts_train_00192	@user @user Aaaaassh wena mani. ğŸ˜©ğŸ˜©ğŸ˜©ğŸ˜©ğŸ˜©ğŸ˜©ğŸ˜©ğŸ˜°	negative
ts_train_00193	RT @user Obama*, ce u dakwile (8)	negative
ts_train_00194	Niku zwÃª tititi, a ni ngueni mina ! ğŸ‘€ğŸ™Œ	negative
ts_train_00195	@user lol::&gt;&gt; shii manoo::#slowly:: wa biwa	negative
ts_train_00196	Sono.. U kwini	negative
ts_train_00197	@user Ya mas iiiih, nada ğŸ˜‚ğŸ˜‚	negative
ts_train_00198	Mhunti ya mona @user Soweto-em Casa Chokwe https://t.co/sP1cUADd2f	negative
ts_train_00199	Va Tsike bai... https://t.co/YxW9Q56TBL	negative
ts_train_00200	@user utah ni dlaya salubri!!! 1#	negative
ts_train_00201	@user Va delela! Ntlha	negative
ts_train_00202	Kasi swa vava ku tsikiwa ğŸ˜­ @user Cidade De Chokwe https://t.co/1mj906huNj	negative
ts_train_00203	ğŸ‘ UNI TXOVA YINI ğŸ‘	negative
ts_train_00204	@user @user high dj himi kuma kahle hirila Mozambique ka KHUBU hi 92.0 . I ADOLFO MIMBIRE KA KHUBU	negative
ts_train_00205	@user hi nga ribali futhi na mhaka leya Ku dlaya vanhu va ti albino	negative
ts_train_00206	Swa vavissa vakithi, ho ondza na vo kuluka...	negative
ts_train_00207	@user @user #Topic i vona hiku na loku mihlangana anipfuxeliwi, niblockiwa ka ti social ntwrk	negative
ts_train_00208	Acula ai = aquilo ali. Mawaku ğŸ™ŒğŸ¾ğŸ™ŒğŸ¾ğŸ™ŒğŸ¾ğŸ˜‚ wa hi danissa juro	negative
ts_train_00209	GÃ©rdio paaah,pastor,pastor dza ku hini a hi sizi mani ! ğŸ˜‚ğŸ˜‚âœ‹	negative
ts_train_00210	@user @user @user #HHW boti unga vileli Xikwembu xita hlayisa sesi vana mbilo ya sathana	negative
ts_train_00211	MMA IH PRIGOZO MANJI ğŸ˜‚ğŸ˜‚ğŸ™†	negative
ts_train_00212	U tadla biloko https://t.co/Q4vl8SgWNy	negative
ts_train_00213	@user Munganu leswi swa lhanhelana bha , upimissa swaku o miss universo loku upfuka yuuu uli hansi	negative
ts_train_00214	Futsek wena eh https://t.co/ugmvB1cmlz	negative
ts_train_00215	""@user: @user AHAHAHAHAHAHA waHidanissaa N**sia :D :D""oh ih Xixa hahahahhaha	negative
ts_train_00216	A loko niko hi matilho lo bindza,minengue wo tiya	negative
ts_train_00217	@user HAHAHAHA FUTSEKA WENA...	negative
ts_train_00218	Utafa u siya ulombe himaka tinhama https://t.co/SXno6jtQBl	negative
ts_train_00219	Loku ungali wa mina swa yaswa ussussa mbilo ya mina	negative
ts_train_00220	@user Fvck U PhağŸ¤£	negative
ts_train_00221	Eish vo ni kama ca chapa-.-'	negative
ts_train_00222	HAHAHAHAHA yu yu yu yu wa hi danissa. https://t.co/G9a4Ycj66e	negative
ts_train_00223	Tsika ku hanha hutomi dza vamwanhane ğŸ˜Š	negative
ts_train_00224	Xtombo xa ngwako oskhâ€™an test us papÃ¡, donâ€™t play like that https://t.co/tGXCaQQI9m	negative
ts_train_00225	@user ğŸ˜‚ğŸ˜‚ğŸ˜‚ğŸ˜‚ğŸ˜‚ğŸ˜‚ho va nhenhentsa	negative
ts_train_00226	@user Angihambi nawe wathi ngimubi wena	negative
ts_train_00227	@user @user #HHW Sesi famba uya vonana na papa face to face uhlamusela mhaka ya wena papa va rhelela moya	negative
ts_train_00228	""@user: @user Famba Ti Nhela Nilza . eh eh eh""	negative
ts_train_00229	@user Ali exageram ih	negative
ts_train_00230	Ubhema ama drugs wena. https://t.co/s9OmoIx8Qi	negative
ts_train_00231	Uni endla yini hivu nanga mani nile xokwe 810dstv @user @user @user	negative
ts_train_00232	@user @user @user Wa pupuruka wena.	negative
ts_train_00233	@user @user Hunga kwati vavito ğŸ˜ğŸ˜ Ni dzivalele ğŸ˜ğŸ™ğŸ˜‚	negative
ts_train_00234	Nikombela ku etlhela ğŸ˜¢ğŸ˜“	negative
ts_train_00235	@user F U pah ğŸ˜‚ğŸ˜‚ğŸ˜‚ğŸ˜‚ğŸ˜‚	negative
ts_train_00236	ğŸ˜‚ mu randza xwa Mahala https://t.co/zfLAlW8zd5	negative
ts_train_00237	@user mina vhahaxi nipfukile ni ndlhua ni teka amungano wamina hitaya ntirweni nimukeme iwa hayo le'lheeeeeee,...ğŸ˜‚atwa axirhami katitimela la magude @user @user @user @user @user	negative
ts_train_00238	Auditoria wa matximba	negative
ts_train_00239	@user @user @user @user @user namina aniswi tivi swaku president mbalula di endle yini	negative
ts_train_00240	Famba ti kundza. https://t.co/gLaQ8IrnNk	negative
ts_train_00241	Na mina nile ku yingiseleni ka nongonoko lowu wo xonga swonghasi nirila Mozambique ka Khubu njhe @user @user @user @user @user @user	negative
ts_train_00242	Ubakka Va ta zwa ku vava	negative
ts_train_00243	""A loko wa nuna a baleca wa nsati nambe hele bonita... Xicona, xicona lexi xi balequisaca lueyi wa papa...""	negative
ts_train_00244	Wena u txela mate.	negative
ts_train_00245	Hahaha ka dlala...ğŸ¤¦ğŸ¾â€â™‚ï¸ https://t.co/OpGPm9O5Sj	negative
ts_train_00246	@user @user @user @user @user Kalhe kalhe loko mahari kona nwina akutleleki,aku humeki,aku fambeki,aku tirheki aku endleki ntxumu loko nwina mahari la yotsama hi yingisela muze mufamba	negative
ts_train_00247	@user heeee wenna ni tsiki	negative
ts_train_00248	@user U kundzekiwile bai.	negative
ts_train_00249	Eh, eh, eh. Ni livrari https://t.co/x5EZDa2bZ4	negative
ts_train_00250	@user Ntaku Greeka wena	negative
ts_train_00251	@user @user @user se buti Brian nwana wa hale ka hina u kahle ngopfu ka ku khenya xi Portuguese @user	negative
ts_train_00252	EdjÃ´ ' Aloko niku (%#%â‚¬&amp;%##) ni biwa hi Zululuane ğŸ™Œ	negative
ts_train_00253	Famba te kundza PAH.. Hahahahahahahahah https://t.co/k54UcyBZ7r	negative
ts_train_00254	@user rixile he skhokho, mina niku kuma hi app yinwani hambi leswi yi pfaku yi tsema tsema nina nwina nirila Mozambique ka Ncai-Ncai hi ntirho. @user	negative
ts_train_00255	A nuna wa wena i malandro	negative
ts_train_00256	Fambane mi te kundza nwine ok ? Estudos swa kho vha hambi ka kehele dza mani??? https://t.co/OkPURN3h43	negative
ts_train_00257	Nheeee ni tsike https://t.co/LHAxp8AyED	negative
ts_train_00258	deve nikuh loya XA loya	negative
ts_train_00259	uh dzah ih mbangue Mr Virgil https://t.co/t3G99KYn1t	negative
ts_train_00260	Swa fana hi tafa https://t.co/bz92zyRaVp	negative
ts_train_00261	@user Wa biwa lweiğŸ˜‚	negative
ts_train_00262	Uni Txova Yini &gt; http://t.co/WIRVhMCyog #Moneycomio #HipHopMoz	negative
ts_train_00263	hahahahahaha faxavor ya ğŸ˜¹ğŸ™„ don't âœ‹ğŸ½ https://t.co/FVxytGFrmR	negative
ts_train_00264	Khasi u djulaa niku hini mamanee..!	negative
ts_train_00265	@user kassi wa tsonana? https://t.co/NBAIXwwTHp	negative
ts_train_00266	Agana tigana lweyi wa mamane.. a tiya aya kuma nhimbou agama a swi teka a swivanani a swi peta DERENAJII https://t.co/44Py863ZR4	negative
ts_train_00267	@user Mas ni yetxi yini?? ğŸ˜‚ğŸ˜‚ğŸ˜‚ Unga ni loyissiğŸ˜‚ğŸ˜‚ğŸ˜‚	negative
ts_train_00268	@user Hahahahah Futseka Wena ğŸ¤£ğŸ™†â€â™‚ï¸	negative
ts_train_00269	@user @user #Topic uvona hiku loku hi hlangana anipfuxeliwi and ni bockiwa ka ti social ntwrk	negative
ts_train_00270	@user muhaxi mbilo yamina ya vava hi Chiefs...eshh niri Khombomuni-Mozambique @user	negative
ts_train_00271	@user hahahahhahahahahhaa txoka wena	negative
ts_train_00272	@user @user @user ni nga dlawi ğŸ˜‚ğŸ˜‚ğŸ˜‚ğŸ˜‚ğŸ˜‚ğŸ˜‚ https://t.co/oY4VszaAqx	negative
ts_train_00273	Timaka ku famba ngofo :: hi nhimile kola Maracuene @user Maracuene https://t.co/HNJ3BOEGbD	negative
ts_train_00274	Utd wa biwaa ğŸ˜¹ğŸ˜¹ğŸ˜¹ğŸ˜¹ğŸ‘ğŸ¼ https://t.co/pZbx692E9a	negative
ts_train_00275	Swi dja kufembiwa. ğŸ˜‚ğŸ˜‚ğŸ˜‚ğŸ˜‚ https://t.co/e4Lc99BoFP	negative
ts_train_00276	@user unga ni singuite ni mumu lÃ³	negative
ts_train_00277	@user ğŸ˜‚ğŸ˜‚ğŸ˜‚ğŸ˜‚ğŸ™ŒğŸ½ ni livrari. Txau	negative
ts_train_00278	Mom: Dii faz coisa xx Eu: busy cota Mom: futseka. Nkila waku o humi uxi nampfa lexi, ja wa yala. ğŸ˜‚ğŸ˜‚ğŸ¤£I love her	negative
ts_train_00279	Bwakakaka ni tsike https://t.co/7BiupolbMl	negative
ts_train_00280	Uhum ğŸŒšğŸŒšğŸŒš evita ya https://t.co/FWUWtmToUj	negative
ts_train_00281	@user wa biwa wene:-D	negative
ts_train_00282	@user ni kazalile phelassi	negative
ts_train_00283	@user @user ğŸ˜‚ğŸ˜‚ğŸ˜‚ğŸ˜‚ mwine mu tÃ¡ biwa jÃ¡... Ma ni lhekissa ğŸ˜‚ğŸ˜‚ğŸ˜‚ğŸ˜‚ğŸ˜‚ğŸ˜‚ğŸ˜‚ğŸ˜‚ğŸ˜‚ğŸ˜‚ğŸ˜‚ğŸ˜‚ğŸ˜‚ğŸ˜‚ğŸ˜‚	negative
ts_train_00284	Morning swa mbangue	negative
ts_train_00285	@user pfuxa: 1 Rafael Ndlhovu, ka Mavodze 2 Antoni Nyathi la Pitori 3 Cuvuka Valoyi ka Xisungele I ADOLFO KHOSA LA MOZ. KA KHUBU.	neutral
ts_train_00286	U womu sau?	neutral
ts_train_00287	@user Nina n'wina.Ahi fambeni hita fika le ka hour 12:00 mutxayeri ifambisa kahle nongonoko. Mina ni tsame la back seat la a Gwambeland. intukulo wa Gwambe na Dzavale xihluke xa Ngungunyane.	neutral
ts_train_00288	@user Ih KD Hawena	neutral
ts_train_00289	@user ja wena Stella.....	neutral
ts_train_00290	@user ğŸ˜‚ğŸ˜‚ğŸ˜‚ğŸ˜‚ğŸ˜‚ğŸ˜‚ğŸ˜‚ lo gaaaaaaa ni kume vanwani vantswa	neutral
ts_train_00291	#Gingirikani swiya hiko tembisana ka vona e ku sunguleni	neutral
ts_train_00292	Aloku niku im ğŸ˜› ğŸ‘Š_/ \_ğŸ‘Š ( . ) ğŸ† ğŸ‘– Ya ba buluko	neutral
ts_train_00293	@user sala kata ha to	neutral
ts_train_00294	ğŸ˜‚ğŸ˜‚ğŸ˜‚ U ta Djikimela dzi mu tsika https://t.co/pxFHVDOoXe	neutral
ts_train_00295	@user Loco vÃ¡ku nhika nikombela uni tlhamuxela bai namina ni djula fswolefswo	neutral
ts_train_00296	@user @user wasvivona svosvi, kopfukiwa. Hikhanga hi svihlaya lesvi khaaale.	neutral
ts_train_00297	@user ğŸ˜‚ğŸ˜‚ğŸ˜‚ğŸ˜‚ eka ğŸ¤®ğŸ¤¢ Teka famba Big ğŸ˜»ğŸ˜»ğŸ˜»ğŸ˜»	neutral
ts_train_00298	Kutta ka bacha https://t.co/5QD1HrZi6M	neutral
ts_train_00299	@user Help ka nhai mukomana	neutral
ts_train_00300	Ni Teka ni famba ou no dÃ¡ ko halağŸ¤”	neutral
ts_train_00301	""obuti wa hao yena a reng?""	neutral
ts_train_00302	@user A xitilo xa bobi hi xi?	neutral
ts_train_00303	@user Vatlanga ha lonağŸ˜‚ğŸ˜‚ğŸ˜‚	neutral
ts_train_00304	Kea tshosetsa mara o ke wena @user ğŸ¤£ğŸ¤£ğŸ¤£ğŸ¤£ https://t.co/09Po62odUD	neutral
ts_train_00305	@user @user @user @user @user swilo swa konağŸ˜‚ğŸ˜‚ğŸ˜‚ğŸ˜‚ hi voice ya Connizer	neutral
ts_train_00306	@user @user @user @user @user ku famba yin la Africa do sul?	neutral
ts_train_00307	Yena a ya kwine? https://t.co/irUvTsrPtb	neutral
ts_train_00308	@user Wasvitiva a kutsala hixitsangana ??	neutral
ts_train_00309	@user Akuna Xitombooo swaku thlanga ni Mboloooo ğŸ‘¯â€â™€ï¸ğŸ‘¯â€â™€ï¸ğŸ‘¯â€â™€ï¸ğŸ‘¯â€â™€ï¸	neutral
ts_train_00310	@user Vhondwa djow ğŸ¤¤ğŸ¤¤ğŸ¤¤ğŸ¤¤Xibhehe wa xi Tiva?	neutral
ts_train_00311	@user Wa txintxa ğŸ˜‚ğŸ˜‚ğŸ˜‚ğŸ˜‚ğŸ˜‚ğŸ¤£ğŸ¤£	neutral
ts_train_00312	@user ğŸ˜‚ğŸ˜‚ Conforme Me Swi Vhonaka Isto Requer Uma Conxienxia e Idade Elevada!	neutral
ts_train_00313	Kuna Xukela, la ka mina kuna Xukela,......kuna Xukela, lÃ¡ ka mina kuna Xukela! ğŸ”ˆğŸ”‰ğŸ”‰ğŸ”‰ğŸ”ŠğŸ”ŠğŸ”ŠğŸ”ŠğŸ”ŠğŸ”Š	neutral
ts_train_00314	Vata i kuma ximuxueneee, vaku Magumba haleenooo...	neutral
ts_train_00315	@user Awena, aku Duumm amamela, asvitwisisisa kahle ntiyiso linene ğŸ˜†ğŸ˜†.	neutral
ts_train_00316	Na mukha ni ya Kaya	neutral
ts_train_00317	Conforme mo swi vonaka ğŸ˜¹ğŸ˜¹ğŸ˜¹âœŒ https://t.co/8F8MWFLWxO	neutral
ts_train_00318	@user Conforme mu swi vonakağŸ˜‚ğŸ˜‚ https://t.co/q14pssV7cG	neutral
ts_train_00319	Bwakakaka, hi lhevana muito mal ğŸ˜‚ğŸ˜‚ğŸ˜‚ğŸ˜‚ https://t.co/psbqn6Jmbg	neutral
ts_train_00320	Va yi kwine a vangana va wena â¤ï¸ @user Vila olimpica do Zimpeto https://t.co/xj3eAxCmaa	neutral
ts_train_00321	@user @user @user @user @user Niku vonile na nifamba hi movha ani jahile niku vone ka nkuna ka palmeri	neutral
ts_train_00322	A Vasati laku Tawas	neutral
ts_train_00323	@user Mi svi vonakağŸ˜¹	neutral
ts_train_00324	@user @user @user ğŸ˜‚ğŸ˜‚ğŸ˜‚ ani nhlaya leswi ni swi vonaku	neutral
ts_train_00325	A LOKO NIKU HIIIN https://t.co/sxJic0i3WD	neutral
ts_train_00326	@user Lano a moya wa paraia inkwawu hu fambela kolomo, entÃ£o sÃ³ podi u ti lunguissela bavou, xi ta Teka xi tereto	neutral
ts_train_00327	A macena mÃ¡ loukizzzy muzaia ğŸ™‚	neutral
ts_train_00328	@user No mu txuvukissa lwehi wa papai @user	neutral
ts_train_00329	@user Varikufanirwa Ku adviser ani...	neutral
ts_train_00330	Unga andlhali lÃ¡ BAZARA mintxumu ya caia...ğŸ˜‚ğŸ¤£ğŸ¤£ğŸ¤£ğŸ¤£ https://t.co/KR6sjyT9i9	neutral
ts_train_00331	Todos escutamos mina ninguÃ© fambi yi lÃ¡ ğŸ˜‚ğŸ˜‚	neutral
ts_train_00332	Refiller Boy- hosi yamo ganga ğŸ˜¹ğŸ˜¹ğŸ˜¹ğŸ˜¹ğŸ˜¹ğŸ˜¹ğŸ˜¹ğŸ˜¹ğŸ˜¹ğŸ˜¹ğŸ˜¹ğŸ˜¹ https://t.co/Xj3huXLHkz	neutral
ts_train_00333	ğŸ¤£ğŸ¤£ğŸ¤£ pÃ´di ni xava!? Ndjaku kalhula a mintxumo... https://t.co/2FBlXFFhXA	neutral
ts_train_00334	Va makwerhu, a mungoyothaya. em Tomanine-GuijÃ¡, Gaza, MoÃ§ambique https://t.co/PxpU2FQply	neutral
ts_train_00335	Iii telivisor ya wena ya LEGOğŸ˜‚ğŸ˜‚ğŸ˜‚ğŸ¤£ https://t.co/LRhQPSojgG	neutral
ts_train_00336	@user Maji angana xi baciana lweiyo?	neutral
ts_train_00337	@user Mina ni pimisa ku tasi... O desesperado=Cliente	neutral
ts_train_00338	U S â€¦ #AQORMV @user Ndlavela https://t.co/xtzZGsDz9W	neutral
ts_train_00339	@user kasi Mina se nilo onha yini Ti tweets ta Mina amihlayi vahaxi....	neutral
ts_train_00340	@user kasse u txava hinni	neutral
ts_train_00341	@user vata rin Ka wena	neutral
ts_train_00342	Ni dzinginika na nsati wamina nthabiseng mashaba ka xokwe nwana mina inocente mathonsi na conny mathonsi ka xokwe @user .....	neutral
ts_train_00343	Le wena wa ba zoza? https://t.co/41BLaYxUvC	neutral
ts_train_00344	Phula minegue ni diwa atÃ© ku huma ndzilo https://t.co/O3aawHYLXc	neutral
ts_train_00345	Swa yantswa uti twisa hiku Loku uta famba vata sala vati busa @user Cidade De Chokwe https://t.co/BRaGmLGCwQ	neutral
ts_train_00346	Ahi tivaneni Mina ni leonildo wali chokwe wena ke ? @user ChokwÃ© https://t.co/bKYfgEbjlE	neutral
ts_train_00347	@user wa kala babu	neutral
ts_train_00348	Raha pfurha ka nsati wamina nthabiseng mashaba ka xokwe @user	neutral
ts_train_00349	@user @user Oww ok ih	neutral
ts_train_00350	Ya ya ya!! @user magoanine https://t.co/qZEDzncHJM	neutral
ts_train_00351	@user @user ğŸ˜ğŸ˜ğŸ˜ğŸ˜ğŸ˜ğŸ˜‚ğŸ˜‚ğŸ˜‚ğŸ˜‚ğŸ˜‚ Ka khulu lako swaswameta lo gaaaaa hi xikosi	neutral
ts_train_00352	@user mindzumba nina wena mais vehlo kuna moya nyana namuntla https://t.co/EESrwQOyit	neutral
ts_train_00353	Ku lhamba vavakulo	neutral
ts_train_00354	@user @user #Topic akuna ku hambana vahaxi na hlonge yinwani ntsena i respect...hi bula navona ive hi share navona ka ti social	neutral
ts_train_00355	@user wakutiva amagude dj @user akaya kaya ka mina	neutral
ts_train_00356	Xa ku txukatxukanhana mas a Keheleeeee ğŸ˜‚ğŸ™Œ https://t.co/Xe7Hpa00TH	neutral
ts_train_00357	ğŸ˜¹ğŸ˜¹ğŸ˜¹ğŸ˜¹ conforme mo swi vonaka https://t.co/XQCiW5slp2	neutral
ts_train_00358	@user @user taku endlela naha faka tinambara ta wena ka whatsapp leya xiputukezi	neutral
ts_train_00359	@user Rixile he skhokho, niku kuma kahle nirila ka ka Ncai Ncai e Mozambique! I ADOLFO MIMBIRE LA MOZ KA KHUBU.	neutral
ts_train_00360	@user hiri ni nghena	neutral
ts_train_00361	Hi ta ya ka wutomi !	neutral
ts_train_00362	Sesi lindiva niku yingisela kusuka dorobeni ra chokwe Mozambique kaya mbuya wayi tiva dstv kumbi wotwa @user @user	neutral
ts_train_00363	@user minjane vahaxi vhantokoto mina nipfukile nonyimela ankama waphaphama wu hela nita kota a kuya ntirwene, hikuva akutireke loko kahana nwina vhahaxi @user @user @user @user @user	neutral
ts_train_00364	Swili leswi u tivaka nguiza Hina ku lava hi nyombela? https://t.co/CY1JY0v3Jt	neutral
ts_train_00365	Ali mina ni: https://t.co/YOd0ufFhad	neutral
ts_train_00366	Ni tsundzuka Vicente sambo a putfontein police station @user ka xingange nsati wamina nthabiseng mashaba ka xokwe @user	neutral
ts_train_00367	Ba Teka teka teka hi mani Mulato/ Ba Teka Teka Teka Hi mani Mulungo/ Ba Teka Teka Teka Hi mani Mbanyanga #XilhaulaMani	neutral
ts_train_00368	A xitiloo xa boby hiii nchine... https://t.co/lGOANM9EzG	neutral
ts_train_00369	@user Conforme Mi Swi Vonaka!!	neutral
ts_train_00370	Ahahahahaha ih ya ya ya https://t.co/0ut1ZVqUXJ	neutral
ts_train_00371	@user wena kumele uhambisweâ€¦ğŸ¤ğŸ¾ https://t.co/1O8hMyDnhR	neutral
ts_train_00372	Uh stivissa ku ine leswu??? https://t.co/vJx7HA45mk	neutral
ts_train_00373	@user makwenu wa wena?	neutral
ts_train_00374	Mozambique is burning #tag Nghena mintirho wa vulavula @user Chicualacuala District https://t.co/X89tSiPAL5	neutral
ts_train_00375	@user tavuya vahaxi mahaka matorokisi ni muyingisile niri kola akaya AMAGUDE MOZA.MBIQUEğŸ’ªâœŒ @user @user	neutral
ts_train_00376	Mabermuda- matilho*xa wula wula ğŸ¶ğŸ”¥ğŸ”¥ https://t.co/6TW2zUhWJf	neutral
ts_train_00377	He @user Kombela ntirhu ta replace rendani ndou ani maphepha hungu yari iya Ka pirates ğŸ˜‚ğŸ˜‚ğŸ˜‚ @user https://t.co/7xfUyG3LS4	neutral
ts_train_00378	""Estrela we! U randza mane, ku mina na yena?""	neutral
ts_train_00379	@user @user @user @user @user @user nimu yingisela nile ka xokwe Mozambique 810dstv	neutral
ts_train_00380	Uyaphi ku 2020 nendoda? https://t.co/jDHkuInXpK	neutral
ts_train_00381	Mara dj wa marhandza mavhavha @user	neutral
ts_train_00382	@user Wa switiva papa!	neutral
ts_train_00383	Streaming @user live ni ri kwala Maputo. Bondia @user &amp; @user	neutral
ts_train_00384	pandzela ntsandza wa majaha Nwana I tiva hi Mutswari Baji ra makhelwani wari ambala ritlhelaâ€¦ https://t.co/DUHttgBV5D	neutral
ts_train_00385	Ih Rihanna djon ğŸ˜­ğŸ˜­â¤ https://t.co/wm8IOr0qZQ	neutral
ts_train_00386	Xitiloo xa djanine xitilo xa bobixine ahh yowee (8)	neutral
ts_train_00387	Ningene na nwina eka 2020 nili kwala Mozambique ka Macia, hi xohondzo lexi 92.0 @user @user @user	neutral
ts_train_00388	Wa vurisa mfowethu. https://t.co/WVglHh5wlE	neutral
ts_train_00389	@user @user @user niku khoma nile xokwe 810dstv	neutral
ts_train_00390	Teka Famba ou Gina https://t.co/PbDBohbSjE	neutral
ts_train_00391	ya xigadzana ehh	neutral
ts_train_00392	@user li fana ni nhwungue vow ngo gzula lani mussavene	neutral
ts_train_00393	Xanga xa malembe... Xita vamba Xita buya ğŸ˜ğŸ¤ğŸ‘Œ	neutral
ts_train_00394	@user ğŸ˜€ğŸ˜€ğŸ˜€ Acha tariqa hai RT lene ka	neutral
ts_train_00395	@user Vo hi fridjela Wenou, vo hi komba fswaku a ndlela ya sathana ya tika, ka hissa ala ansi, jÃ¡ wena langa kumbe u lava kuhissa loko ou kumbe pradise.	neutral
ts_train_00396	@user @user @user 15' to 326Twhii, ni mikuma kahle nirila Mozambique ka KHUBU. Adolfo Corsa Lweyi.#tagXMA14	neutral
ts_train_00397	""Mi nga koloti munhu xanchumu, loko ku nga ri ku rhandzana; hikuva loyi a rhandzaka munhu-kulobye u wu hetisisile nawu"" - Varhoma 13:8	neutral
ts_train_00398	Niku swÃª tititi ğŸ˜‚ğŸ˜‚ğŸ˜‚ğŸ™† https://t.co/I9Tm4jGBHF	neutral
ts_train_00399	@user wandilahla hla wena shm	neutral
ts_train_00400	He mfoo wa xitwa xipapilani xa kokwani Dala @user @user @user	neutral
ts_train_00401	Swiyimbeleri ahi yeni .... miva byela ku hina hi tiva ndlela(senya retla patela) @user Mozambique https://t.co/rZlPwwrCRz	neutral
ts_train_00402	@user Namina ihm swa gambağŸ˜ Ja na viağŸ•ºğŸ¤‘	neutral
ts_train_00403	@user @user Nidzumba nanwina ka mungana	neutral
ts_train_00404	Ehhh yewe,ni lawa ku dog style ğŸ˜‚ğŸ˜‚ğŸ¶	neutral
ts_train_00405	Nasty C ih âœ¨ğŸ™ŒğŸ”¥ğŸ”¥ğŸ”¥ğŸ”¥	neutral
ts_train_00406	Famba moyeni bafanas! https://t.co/0UK6SHVSlX	neutral
ts_train_00407	@user xilo ndla yin ni kayerini	neutral
ts_train_00408	@user @user @user @user @user loko yi dyiwa jaaa	neutral
ts_train_00409	Hai wena mun !!!!! ğŸ™ŒğŸ» https://t.co/KNdkTg6YUa	neutral
ts_train_00410	Niku khoma nile xokwe Mozambique @user	neutral
ts_train_00411	Mina noh Famba! https://t.co/cA4fzePVun	neutral
ts_train_00412	https://t.co/OrxuvKQBTS @user bona kuri wendle yini munu waxikwembu.ğŸ˜–ğŸ¤£	neutral
ts_train_00413	Kaya ka vo vovo... Nkanyini wa mgilo @user Magude https://t.co/gCgF3Kgs7c	neutral
ts_train_00414	Round 2 ya @user nili kwala a Mozambique seni fikile a Maputo @user @user @user @user	neutral
ts_train_00415	""@user: Na vadwa, ani sida, a nina nuna, nita feva ku kundza, ka hissa, ka titimela, hissa, ndzeni, handle, tilhanpfe""ğŸ™ˆğŸ™‰ğŸ™‰	neutral
ts_train_00416	Kama Bill Gates angekua ni nchi, basi angekua ni nchi ya 37 kwa utajiri duniani! #ElimikaWikiendi	neutral
ts_train_00417	Lol tavuya ka mana Thembi hahahaha aku tleleki meu irmao @user @user @user @user	neutral
ts_train_00418	Namuvona buti tlhoye lowo yingana wona loko yifika a jone yi hembela a swi ntombana yiku papa yona i mulungo i nwana mama loyi mhani wayona angadji dinner yingase vuya akaya ari aswielhe ningase vona boy boy wamina yirandza a music wa sjava @user	neutral
ts_train_00419	@user mara dj unjani wena hiiiiÃ¬ğŸ˜‚ğŸ˜‚ğŸ˜‚ğŸ˜‚ğŸ˜‚ @user @user	neutral
ts_train_00420	@user Swi txiki leswo... Os dois se txendam aqui	neutral
ts_train_00421	Hayi ta humesa, ta humesa, ta humesa, ta humesağŸ’ƒğŸ’ƒ MasupağŸ˜ğŸ¶ğŸ¤ŸğŸ¼	positive
ts_train_00422	wena na mina	positive
ts_train_00423	@user Hahahaha Wena pa ğŸ˜‚ğŸ˜‚ğŸ˜‚ğŸ˜‚ğŸ„	positive
ts_train_00424	I luh ya papi	positive
ts_train_00425	@user Ni pfhukile. Ho ini kupfhuka?	positive
ts_train_00426	Swa yantswa niva mbuya, nita Kuma ma regalias ğŸ˜’	positive
ts_train_00427	@user Ni bom by Noh Dja djuala ntse	positive
ts_train_00428	@user comekiÃ©ee ğŸ˜‚ğŸ™ŒğŸ½ğŸ”¥ Ni speed, cumbi sfwayantswa? https://t.co/M64ZSNYqVq	positive
ts_train_00429	Twana a marhito ya ntiyiso https://t.co/xJYQx2LWFh	positive
ts_train_00430	Niku yingiseli niri ka xokwe Mozambique @user #mindzumba	positive
ts_train_00431	@user Swa hini? A ukanho dza bom!	positive
ts_train_00432	AWENAAAAH... U mukulu... ğŸ˜‚ https://t.co/XknRQMKfD3	positive
ts_train_00433	@user Karingana wa karingana-JosÃ© Craveirinha	positive
ts_train_00434	Swi helile swa ma pank, finish ğŸ˜¹ğŸ˜‚ğŸ˜‚âœŒ	positive
ts_train_00435	Hi Nkomu..!! Mo hini hi ku pfuka !!!? https://t.co/hMoq8CN7yX	positive
ts_train_00436	Na hina hi gud... , nambi yi txonille hi rait... ğŸ”ŠğŸ”ŠğŸ‡²ğŸ‡¿ https://t.co/e5ZGGG02LY	positive
ts_train_00437	@user @user Swa* banana pah Mas passamos na mesma	positive
ts_train_00438	@user Munhu wa mina ku saseka	positive
ts_train_00439	@user @user swivula kurhi xithembiso xa vona axika hetisekanga hikuva a xihlangi hixona xi tiyisaka a varadzane aka rixaka hambi kurhi mungangeni akurhi adam siolhe la chibuto mozambique	positive
ts_train_00440	@user Teka Famba, Papu	positive
ts_train_00441	Wena unga zuzumeli, ni dzweli kumbe ni ta xava kwini a ma xiluva ntsem. https://t.co/oHQi4Fn3MH	positive
ts_train_00442	@user mina nipfukile mara anisya helo naha yimela axikongelo xa bava MALEYANE nitatua ku ku djiwa yini atiheleneğŸ˜ @user @user @user @user @user	positive
ts_train_00443	A vavasati va ma mecha ugue vÃ¡ heti wena..	positive
ts_train_00444	Xikwembo Xanga HaleluiağŸ™ŒğŸ¾, Hi Cussa Hina JÃ¡ Ya BuyağŸ‡²ğŸ‡¿ğŸŒ	positive
ts_train_00445	@user Famba kerekene, nhanyana ndizwena.	positive
ts_train_00446	@user Swi swi swi swi swi swi swi swi ğŸ‘ğŸ½ ğŸ‘ğŸ½ ğŸ‘ğŸ½ ğŸ‘ğŸ½ ğŸ‘ğŸ½ ğŸ‘ğŸ½ jÃ¡ namoras?	positive
ts_train_00447	Malem ya ku tala ğŸ¶â¤	positive
ts_train_00448	AUXENE... Moh ini ku pfuka?	positive
ts_train_00449	Wa swi tivela âœŠğŸ¾ğŸ”¥ https://t.co/x28rZOFOcp	positive
ts_train_00450	Nwana Makhuvele Mukonwana wa Khosa. Ntukulu wa Manyike. Feliz dia do pai Mhunti ya mona @userâ€¦ https://t.co/6HVbDi9ddw	positive
ts_train_00451	Nina wena kola xokwe Mozambique @user nilo geeee 810dstv @user #53yrs	positive
ts_train_00452	@user Hi pfukile Wa Matimba wahi londzovota	positive
ts_train_00453	@user @user Ukanga umakuma lawa ya RAYMOND? Atakuvavisa madala.	positive
ts_train_00454	Loko u va kuma va tlanga, tlanga nawenaweğŸµ Loko u va kuma va tirha, tirha nawenaweğŸµ Loku u va kuma va phusa...ğŸµ U nga kalavalewi hi vanghano mani	positive
ts_train_00455	Namina one day vata ni posta va beka mbilu â¤ï¸ğŸ˜©	positive
ts_train_00456	@user A ku xonga ğŸ˜‡	positive
ts_train_00457	@user Xi chonguile pahğŸ”¥	positive
ts_train_00458	@user u tsika mova kaya namunthla https://t.co/Q0PyGKCiyt	positive
ts_train_00459	Alberto Machavele - Rungula.mp3 ğŸ˜ Rungula a maxaka manga kule ğŸ¥º	positive
ts_train_00460	""Siku dza mundzuku adzitiviwi hi munhu, sÃª swayampsa utidondzela weeena, ROSALINAAAA"" OuÃ§a #Rosalina de Keyce no #SoundCloud https://t.co/9TcY86QEhe	positive
ts_train_00461	ğŸ˜‚ğŸ¤£ğŸ˜‚ğŸ¤£ğŸ˜‚ğŸ¤£ epah Yah afinal acontece la ğŸ˜‚ğŸ¤£ğŸ˜‚ğŸ¤£ğŸ˜‚ dzukuta para aqui dzukuta para ali ğŸ˜‚ğŸ¤£ğŸ˜‚ğŸ¤£, https://t.co/R2etkIjaXd	positive
ts_train_00462	SÃª vha ni vitile... Niya ti dakwela... Nitsama hansi, ni da nhama... Ni tlhela ni phuza, ni va nhenhentsa ...	positive
ts_train_00463	@user Wena, no ku Randza hi ku pimissa...	positive
ts_train_00464	Auxeni ....mho wine ku phuka	positive
ts_train_00465	@user @user Tem ni dondza primeiro para ni khanela	positive
ts_train_00466	Hinkhomo... mo yini hi ku pfuka?? https://t.co/5FzXXwKWaW	positive
ts_train_00467	@user Wena a ni ngue ku hi hloko... Ni ngo ku yentxa nkatanga... Ni ku phamela liradzu Siku ni Siku ğŸ˜ğŸ˜	positive
ts_train_00468	Dzi Xile Na voz de Kanye West	positive
ts_train_00469	@user Madala lweyi namufeva, wativa stereka!	positive
ts_train_00470	@user Nikubula Rosinha wa minağŸ˜‚	positive
ts_train_00471	@user Auxeni, hoyini Ku pfuka!?ğŸ˜‰	positive
ts_train_00472	@user Ya, mapfilwa Ã© assim mesmo.	positive
ts_train_00473	A gwala a dri yelhi namuntlha. noh sindrissa	positive
ts_train_00474	A mbilo yanga cho ba	positive
ts_train_00475	@user Ku saseka naku faneriwa swa wena keep it up	positive
ts_train_00476	@user i ckali nitlanga hi tinamba.ğŸğŸ‚	positive
ts_train_00477	Outros ; YABA BULUKU ğŸŒ Outras ; LA KAMINA KUNA TXUKELA ğŸ Eu ; NOLAVHA KU PHUZA NIFAMBA ğŸ»	positive
ts_train_00478	WENE U XIMATE XA BOENE ğŸ˜â¤ï¸ https://t.co/clCnKSaYOg	positive
ts_train_00479	Hosi xikwembo xanga mamba yanga, mamba yanga hi yamukeliğŸ˜­ğŸ˜ğŸ˜ğŸ˜ https://t.co/VOYlvkKeNL	positive
ts_train_00480	""ku laveca Mali, a ku laveke ntizo laku sasseka"" âœğŸ¿ https://t.co/tH5Our94Qu	positive
ts_train_00481	Ya ba buluku... Tsokaaaa ğŸ•ºğŸ¿	positive
ts_train_00482	@user i fanela hiku rhandza kereke naku faya miti ya vanhu	positive
ts_train_00483	Nwana Mutxangane i mutxangane em Praia do Bilene https://t.co/tZc4iLsrSl	positive
ts_train_00484	A matapa na marandza, na marandza... https://t.co/jvdpMiqCgo	positive
ts_train_00485	Lwandle(Xiluva) ingoma ya ku saseka https://t.co/eZtCjiOvmG	positive
ts_train_00486	Messi Ã© xipoko a taku dhlaya iku bela bem https://t.co/GTQjBz1747	positive
ts_train_00487	Rixile vayakelany. Tasmani kurhula a sonto.	positive
ts_train_00488	A I landzi* ti dhlela	positive
ts_train_00489	@user ğŸ˜‚ğŸ˜‚ğŸ˜‚Ina mas wa ma navela	positive
ts_train_00490	@user Nita txintxa bradağŸ˜‚	positive
ts_train_00491	A mathapa na ma randza... https://t.co/eeZd3JmNuY	positive
ts_train_00492	@user Ni vhona bemğŸ˜‚ğŸ˜‚ğŸ˜‚	positive
ts_train_00493	Ani gwenti hi ngoma ya luwei wah nwanhana â¤ï¸â¤ï¸â¤ï¸ https://t.co/AggeN50Nei	positive
ts_train_00494	Auxeni Va Jessica ni Va Jessico	positive
ts_train_00495	@user Kassi hi wena Lolita ğŸ˜‚ğŸ˜‚ğŸ˜‚	positive
ts_train_00496	Hi va khale ka mungangu lowo! ğŸ˜ğŸ https://t.co/zZFO1peYRb	positive
ts_train_00497	@user Hini ya tsutsuma bai heeee Malembe ni Malembe ka mugango lowo	positive
ts_train_00498	Loku u khaya nkakağŸ˜‚ğŸ˜‚ğŸ˜‚ğŸ˜‚u tlanga hii posiÃ§Ã£o https://t.co/5OXQ81HEyx	positive
ts_train_00499	@user Edjoh.. a gaju yini vhoku pah ğŸ˜‚ğŸ˜‚ğŸ˜‚	positive
ts_train_00500	#PhaphamanaMunghana @user na xipano xa phaphama inkomu swinene, ahitireni hita hola male yosaseka. Siku ra kahle na kava engiserhi. IxiGwambana eGwambeland.	positive
ts_train_00501	A lirandzu la patima!	positive
ts_train_00502	U ta mu vona lu lala nyana 2x Ku vi a dÃ¡ ti nga txayi ğŸ•ºğŸ¿ https://t.co/LeLzsn7GjF	positive
ts_train_00503	Ni lavha ku hanha na yena Mina ningue fambi hi lane https://t.co/HwsmwkJM7A	positive
ts_train_00504	@user @user swi nga va njhn loko mo xavisa paper ra far post every week? Hita sapota nwana mhani	positive
ts_train_00505	@user U zandza swiluğŸ˜‚ğŸ˜‚ğŸ˜‚	positive
ts_train_00506	@user Hi ta humula guwa	positive
ts_train_00507	@user Makwezu niko kombelela ka Xikwembu a minkateko ni hinkwafswo fi ku fanelaka, ti male, ma gudi laifi, ni mintirho yo tala... parabenja ğŸŠğŸ‰ğŸ‚ğŸğŸˆ ğŸ‚	positive
ts_train_00508	@user Mom of kids Mamana wa vanana	positive
ts_train_00509	@user Ndlela yi rhandza mehe	positive
ts_train_00510	Joyous Celebration - Hi Hanya Mahala ğŸ“¶ğŸ“¶ğŸ“¶ğŸ“¶	positive
ts_train_00511	hina hi hanya mahala ka jesu ğŸ¤©ğŸ¤©ğŸ¤©	positive
ts_train_00512	A gwala hi phuzile https://t.co/7Q2BN21JjF	positive
ts_train_00513	Siku dza namuhla dzi kathekilÃª ğŸ•ºğŸ¿	positive
ts_train_00514	@user Wa hemba... Heineken e txilar aqui ğŸ˜ğŸ˜	positive
ts_train_00515	@user ğŸ˜‚ğŸ˜‚ğŸ˜‚ğŸ˜‚ Damn... Na nadzika yaay	positive
ts_train_00516	#DesafiodeDezDias siku dza wu Muni https://t.co/7z1wCZOEq9 https://t.co/6t8lnEZD3l	positive
ts_train_00517	Hiya Tlhava Mavacina, Hooo ka Docodela https://t.co/Tv546aBlZ3	positive
ts_train_00518	A Mavele ya ku tsamisseka https://t.co/gmFeJrqGNp	positive
ts_train_00519	valeu meu cota, a niku hi yessu hi kakunene https://t.co/RmL1rcP2EX	positive
ts_train_00520	Hlula mine U hlula tingonyamo U ta teka tiko, I dzaco!	positive
ts_train_00521	@user Ohhh hosy yanga dzi xurisse hi moya waku dzi tiya dlhelene yaku â™¥ï¸ Saudades...	positive
ts_train_00522	A xitombo xa nandzika	positive
ts_train_00523	ALOKU NIKU IM. ğŸ˜› ğŸ‘ŠğŸ¿_/ \_ğŸ‘ŠğŸ¿ ( . ) ğŸ† ğŸ‘– YA BA BULUKO ğŸ˜¹ğŸƒ	positive
ts_train_00524	@user Buya u teka, ma kona hi stock.	positive
ts_train_00525	Ungalaxlhi davhuku wawena, davhuku wa wena hivhutomi. Bom dia @user Javanhane GuijÃ¡ Gaza https://t.co/y7HIhhXGBs	positive
ts_train_00526	Se Yaba Buluku Leyi https://t.co/XanhmjGz1I	positive
ts_train_00527	A swilo swa matilo swi lava ku hiteka... @user, @user, @user, @user, @user, https://t.co/0HZwjawQgZ	positive
ts_train_00528	@user Ni humile ğŸ˜…ğŸ˜…	positive
ts_train_00529	Na Wena ti twissi! A u hi voni Hina hi puzah mÃ¡ dswala na hidla ti nyama hita dzudza switresse Discover ""Happy"" by Mr Bow on Deezer https://t.co/PtXlTr5fY4	positive
ts_train_00530	Hina matxangana vah hi tiva hiku tsaka ğŸ˜‚ğŸ˜‚ğŸ˜‚ğŸ˜‚ https://t.co/OEm7Mk1DMH	positive
ts_train_00531	Ni lava male sÃ³ğŸ’¯ğŸ¥°	positive
ts_train_00532	@user A xitimela xi ni siyile muzaia.	positive
ts_train_00533	Mu xava kwini a nyama ya homu?	positive
ts_train_00534	@user ""Ah wa wassate waku shonga, hunghÃª wa whettii wena!!...""	positive
ts_train_00535	A wasati vomu taratara jurooo A wasati vomu ghenissa salÃ£o a shongaaa - vovo dele. https://t.co/OYmT0XsNik	positive
ts_train_00536	@user @user @user @user @user Nisuka xokwe sweswi tani bazara ka xingangi agora	positive
ts_train_00537	@user Swo yini ku phfuka?	positive
ts_train_00538	Teka Famba o Txova https://t.co/AruWmqEUPK	positive
ts_train_00539	@user @user Ni bom bay	positive
ts_train_00540	Ni li hinkwaxu ta xona Hi mintizo ya Xikwembu	positive
ts_train_00541	#HistoricEndtimeRevival Celebrando o Senhor MIKULUNGUANA KA YESU ALILILILILILILILILI ALILILILILILILILILI ALILILILILILILILILI ALILILILILILILILILI https://t.co/LFBKJHwJYI	positive
ts_train_00542	Nikensa Yesu Ã© ğŸ”¥	positive
ts_train_00543	@user @user Wa swi tivelağŸ‘ŒğŸ‘ŒğŸ˜‚ğŸ˜‚ğŸ˜‚ğŸ˜‚ğŸ˜‚	positive
ts_train_00544	@user Jeremias Nguenha - La Famba Bixa Abilio Mandlaze - Juro Sinceramente Abilio Mandlaze - Ulava ni ti sunga	positive
ts_train_00545	Ku phuza bem 2M Flow	positive
ts_train_00546	@user @user If phfukilÃ©... Ah ih se vona swa ku kazata... Mwina kÃ©	positive
ts_train_00547	@user @user @user ni yingisele niri kola Mocambique ka chokwe thwii	positive
ts_train_00548	YABA BULUKU A FAZER HISTÃ“RIA https://t.co/KVIXiaoTFA	positive
ts_train_00549	@user MINGAS - Alirandzo. MINGAS - Mamana. ANIANO TAMELE - papai se hi fikile.	positive
ts_train_00550	@user Naminau kata na fhinavela acufamba ni ti tsaguela, cubo uia xplanada......	positive
ts_train_00551	@user @user ğŸ˜¹ğŸ˜¹ğŸ˜¹txuvuka leswi lani ğŸ˜¹ğŸ˜¹ğŸ˜¹ğŸ˜¹	positive
ts_train_00552	@user @user DanÃ§ar tsova levanta a saia	positive
ts_train_00553	Gabriel Shyne feat. Killua - Lirandzo la Mina na wena ğŸ¥°ğŸ’£	positive
ts_train_00554	Mamana uyosala etse a tlhumala panghalato ğŸ¶	positive
ts_train_00555	Hello sisi! Ni kombela round ğŸŒ	positive
ts_train_00556	@user And u tah swi kota	positive
ts_train_00557	ğŸ˜‚ğŸ˜‚ğŸ˜‚ U ya kwini https://t.co/sI7DT6a04c	positive
ts_train_00558	@user Ku ta faciwa swa bom	positive
ts_train_00559	Happy birthday Mo G ğŸ‚... Aku Huma ni humaka (quarentena), wena para Nita dlaya ğŸ» ğŸºğŸ˜¹ğŸ˜¹ğŸ˜¹ #morelife https://t.co/IRFb7gRFJP	positive
ts_train_00560	Hi mbilo leyi yitsovekeke, hibuyisa #xikandarinha lexi angahisiyela madala wahina Calane da Silva (RIP),hitakombekisa lesvaku xahahisa. Mina,na munganu wamina wantloyi, @user hitaxitlatleka. Kutane, ntlangu lowu wuvuya hi kurula!! Akutlangiwi: https://t.co/njQTRonbhF https://t.co/IAipMU1EfU	positive
ts_train_00561	Parceiro//a Novas mÃºsicas 01.HOSI HI PFUNI ğŸ”¥ 02.NINA XILONDZA MBILWINIğŸ”¥ 03.HOSI XIKWEMBO ğŸ”¥ WhatsApp +258866753098 https://t.co/J3dcH9ZsEl	positive
ts_train_00562	#PhaphamanaMunghana Community weeeeeeeeeeeâ— Avuxeni vanhu vamisava. Woza friday, hlayisekani miyingiseri #phaphamanamunghanalonene. Ahitireni hita hola male yosaseka. ixiGwambana kusuka la a Gwambeland, vana va Gwambe na Dzavale. https://t.co/PFHuV5xPo6	positive
ts_train_00563	A quiet place 2... Here Hina ya famba	positive
ts_train_00564	Kulo sala ku ni tlela kanwe before ni vuyela joni	positive
ts_train_00565	""Kuni guala la? Kuni va fana la???"" -Rupi Kaur	positive
ts_train_00566	@user @user ğŸ˜‚ğŸ˜‚ğŸ˜‚ kwini? wa swe tivah nah weneh swakuh ni strong	positive
ts_train_00567	@user @user @user @user @user @user WA SWI TIVA BRODIğŸ’ª	positive
ts_train_00568	@user Ni pfhukile. Akuna swa ku kazata. Ho yini kupfhuka?	positive
ts_train_00569	@user @user Wena pah ğŸ˜‚ğŸ˜‚ğŸ˜‚ no thleka lano	positive
ts_train_00570	@user Pfa khenseka pfoleswo! Namini ni bom, a Xikwembo xÃ¡ dzi hlayisa! ğŸ˜Š	positive
ts_train_00571	@user @user @user nimi ingisele niri ka Chokwe Gaza Mozambique via http://t.co/xGghjILTEk	positive
ts_train_00572	Hewe', thlanga u hluela!!!	positive
ts_train_00573	Avelino Mondlane - Ndjombo Ya Lirandzo ğŸµğŸµ	positive
ts_train_00574	""Xikwembu ni nyike matimba.""	positive
ts_train_00575	@user swiswi ni vona Gavin a hindzela mahlweni	positive
ts_train_00576	@user na khensa bra ya Mina	positive
ts_train_00577	Niku yingiseli nile xokwe Mozambique sesi thembzana @user @user	positive
ts_train_00578	Bom domingo Hosi yi katekisa wena na njangu wa wena. Mhunti ya mona @user Soweto-em Casa Chokwe https://t.co/v3doiep6wU	positive
ts_train_00579	U bom mana tt ni yingiseli wena kola ka xokwe Mozambique @user @user	positive
ts_train_00580	@user dzipelile u kone fanhana.?	positive
ts_train_00581	Dzixile ohine ku pfuka https://t.co/gSa3NkOTy6	positive
ts_train_00582	@user Hipfukile ingo wena?	positive
ts_train_00583	Male ya Machangana :D	positive
ts_train_00584	@user @user @user kambe ira mani risimu leri hi sungulaka awara ya 7 naaaaaa. Rini tsakisa ngopfu vakaxi va mina. Rixile.	positive
ts_train_00585	Dzi xile va makwezo !	positive
ts_train_00586	John Legend - Mina Na Wena	positive
ts_train_00587	December ni tirhisi leswo tala ntaswi vona January @user Cidade De Chokwe https://t.co/92ULjTcDKs	positive
ts_train_00588	Auxene... Moine ku pfuka	positive
ts_train_00589	Kota Yasser ya ya ğŸ¤£ https://t.co/4zbScgxYS5	positive
ts_train_00590	Moya wa ku Xwenga	positive
ts_train_00591	La ka mina ku dyiwa ti coconut ğŸ¥¥... @user Maputo, Mozambique https://t.co/kgGc8M2gKa	positive
ts_train_00592	@user Hi pfhukile. A va tsongwana va thlanga. Khanimambo. Ho yini kupfhuka?	positive
ts_train_00593	Hi pfuki bem, a whana wa tlhangua akuna ku karata, whina ke? https://t.co/NM4QM9GjB5	positive
ts_train_00594	@user @user Wa swi tivaaaaa	positive
ts_train_00595	A Nina male minoooo, noh tivha ku kina (blaze's voice)	positive
ts_train_00596	Loku u hi wona hiku ta hi yena, hi yena Yehova, hi yena A loku u hi wona na hili so hi yena, hi yena Yehova, hi yena Oh hi yena Yehova, hi yena, hi yena ğŸ§ğŸ¶ğŸ¶ğŸ¶ https://t.co/4B3sy5uqqX	positive
ts_train_00597	@user Na hanha. Aswina ku kazata. A vatsonguana wo thlanga.	positive
ts_train_00598	U saize wa mbedo wa mina* ğŸ•ºğŸ½ğŸ”¥ https://t.co/uCqXCHqQES	positive
ts_train_00599	@user @user @user @user rixile vahaxi va mina nimi kuma kahle nirila Moz ka Khubu la. Obrigado	positive
ts_train_00600	Timale Timale hi da ni mabitch ğŸµğŸµ	positive
ts_train_00601	@user Ni pfhukile. A va tsongwana va thlanga. Khanimambo ğŸ™ğŸ¾	positive
ts_train_00602	Nkatangouu hinga tsama niku gwela swaku akuna munwane lwei ani tsakuisaka a mbilwini. ğŸµğŸµ	positive
ts_train_00603	Wa bomba Mchangani Ni bombisa ku kuma @user Vodacom https://t.co/GpVweyGeoT	positive
ts_train_00604	@user mina se lindivarrr mina aita navhela aku teka giyane nitsakisa hi xibelane niri kola a magude @user	positive
ts_train_00605	@user Ni pfhukile. Khanimambo. Wene ke?	positive
ts_train_00606	@user Ni bom. Ho yini?	positive
ts_train_00607	Thnx God mozambique shutdown #tag Nghena.........na khensa ku tlakuriwa vanhu va mozambique @user Moamba, Maputo, Mozambique https://t.co/CBslGBgSwI	positive
ts_train_00608	Ni kola Ka xingange vani khome bom MA's @user and Ku tlangeliwa birthday https://t.co/byvttQfer0	positive
ts_train_00609	Utamukuma ka Sapatero*	positive
ts_train_00610	@user Mmm. Swa hombÃ©. Ni pfhukile. Khanimambo	positive
ts_train_00611	Vanhu va mali ku khola ğŸ˜‚ğŸ˜‚ @user Ressano Boarder https://t.co/AT1kcMdjQW	positive
ts_train_00612	@user na mina nimi kuma kahle nirila Moz ka Khubu	positive
ts_train_00613	Malome @user u ndjane??	positive
ts_train_00614	niku 10 ma garrafa	positive
ts_train_00615	@user @user nile guija ni tlangela birthday ya mina https://t.co/4ixq5pYtiS	positive
ts_train_00616	Ni bha ma fato ni ma Air Force	positive
ts_train_00617	@user Ho yini ku pfuka?	positive
ts_train_00618	Mine ni waku ehhh Mbilo yilava weneee ahhh My bae you're so sweet baby My bae you're so fine Loko niku vona ku tsatsa tsa ninyetxela weneee... â™ªâ™ªâ™ª	positive
ts_train_00619	@user ni pfukile va haxi nho kufumetanhana amuphungo nita kufumetanhana anhokana nitaya atirwene @user @user @user @user	positive
ts_train_00620	Kanimambo Chikwembo xa MathimbağŸ™	positive
ts_train_00621	Ya disko funk ğŸ˜‚ https://t.co/6gjyz43f0Q	positive
ts_train_00622	@user A hombe. Khanimambo. Ho yini?	positive
ts_train_00623	@user @user @user esh na mina se ni mikuma kahle @user niri Khombomuni-Mozambique...#Dankiiiii	positive
ts_train_00624	ğŸƒğŸƒğŸƒğŸƒğŸƒğŸƒğŸƒğŸƒ ğŸƒğŸƒğŸƒğŸƒğŸƒğŸƒğŸƒğŸƒ yuwiiii AMARGOU ...ih mine lwe yaaaa	positive
ts_train_00625	Mina nawena, Wena namina, #LovarÃ‰Nice utatwa kunandzika! (4Ã—)	positive
ts_train_00626	@user swa kahle swi komba rirhandzu ra ntiyiso	positive
ts_train_00627	Mina ni sati wanga* Jay â™¡ @user Maputo, Mozambique https://t.co/IUiQupzUfc	positive
ts_train_00628	Alirandzo hi mintxumo xa lissima Kutlula a timaka xatimale â¤	positive
ts_train_00629	@user Na hanya. Aswina ku kazata.	positive
ts_train_00630	Leswi uswi tivaka hi mina iswi tsongo eka leswi ninga hi xi swona U thnk Im an Artist n im more dan dat U thnk im a Government worker n im more dan dat U thnk im comedian n im more danâ€¦ https://t.co/oRKNPmCu9d	positive
ts_train_00631	@user Nambe mina. Ni pfhuki kwatse. Khanimambo	positive
ts_train_00632	Ku njhani @user ni nghena kola chokwe	positive
ts_train_00633	dzixilela wena mufoto ho ini hi ku pfuka? https://t.co/EJZenJpY5R	positive
ts_train_00634	I'd sing ""Hita famba moyeni nkathanga"".ğŸ¤£ https://t.co/s3U1KUEaSs	positive
ts_train_00635	Matshonela Yakoh (mana mina) Mabarri Yakoh (mana mina) Mas a mpfhana wa nheketo lweyi anga guentanga ih wene âš¡ï¸ğŸ¶	positive
ts_train_00636	Ma sweet lady ma talil Ma sweet lady ma talil Mina ni be dji utomi Ni funga kufa niku hanhana I will always love you Ma talil	positive
ts_train_00637	Jimmy Dludlu - Mu Tumbelelwana ğŸ¶âœ¨	positive
ts_train_00638	@user @user @user nina wena kola xokwe Mozambique	positive
ts_train_00639	Np : puto Jr - male ya pepa	positive
ts_train_00640	Ni yingiseli wena sesi khensi nile xokwe Mozambique @user @user @user	positive
ts_train_00641	@user Ni pfhukile. Ho yini kupfhuka?	positive
ts_train_00642	@user HÃ´ yini, hosi ya ma rima?	positive
ts_train_00643	@user nipfukile vhahaxi niya atirweni ni ndlhula nixava amapawa dj iwamativağŸ˜‚ @user @user @user @user	positive
ts_train_00644	@user Wena wa xitiva	positive
ts_train_00645	ALOKU NIKU IM. ğŸ˜› ğŸ‘ŠğŸ¿_/ \_ğŸ‘ŠğŸ¿ ( . ) ğŸ† ğŸ‘– YABA BLACKFRIDAY ğŸ˜¹ğŸƒ	positive
ts_train_00646	Ximixweni, Madanbveni, ni Usiku #SikuNiSiku	positive
ts_train_00647	ğŸ’‰ Auxene ka Gaza! https://t.co/mqEBBvI7pj	positive
ts_train_00648	dezember time . . Ku ta fiwa	positive
ts_train_00649	""@user: Blake me paga hahahahahahahahahahahahaha ih"" â¤	positive
ts_train_00650	ğŸ˜‚ğŸ˜‚ğŸ˜‚ğŸ˜‚ keep voning. Na ku xuvha https://t.co/fpBbBvyZGq	positive
ts_train_00651	@user KING WA ÃFRICA	positive
ts_train_00652	@user Na hanya. Akuna swa ku kazata. A va tsongwana va thlanga.	positive
ts_train_00653	Ni bom manji wena kueh? https://t.co/40DlfXTgG5	positive
ts_train_00654	Nkhosi, Dlamini Wena WeKunene. Thank you Cuzâ¤ï¸ https://t.co/IuMI7Ox7i5	positive
ts_train_00655	@user @user @user swinene ngopfu ni vuya matreno hina jogo mndzuku	positive
ts_train_00656	Nimu yingiseli nile chokwe Mozambique vahaxi vamina va qualidade zwimbiri2 @user @user @user	positive
ts_train_00657	""Tsemba Jehova/ Wene nwana wa Xikwembu"" - @user #QuartaDeQuotes	positive
ts_train_00658	Nikola Ka xingangi Ka nwina @user @user	positive
ts_train_00659	U ta famba maTilweni https://t.co/QAavLO1Bt2	positive
ts_train_00660	Utomi Nzanga Za Ku Tsakissa #PretoDeMoz #Enjoying The Life em Maputo, Mozambique https://t.co/n4bNaMZjWp	positive
ts_train_00661	@user "" Mina nawena, wena namina, #LovarÃ‰Nice, utatwa kunandzika !! ""	positive
ts_train_00662	@user Tana u ta dya.	positive
ts_train_00663	@user Re tsogile re ra wena	positive
ts_train_00664	A nhama Ni dileh... A Guala Ni puzileh.. A male Ni Tekileh..ğŸ’ƒğŸ’ƒğŸ’ƒ Tsatsara tsara ğŸ¶ğŸ¶ğŸ¶	positive
ts_train_00665	Ni lava ku Susa Tosa	positive
ts_train_00666	@user Na hanya. Ni khensile. ğŸ™	positive
ts_train_00667	Sumo LOUMAR - A ku titimeta nkolo...	positive
ts_train_00668	Nina wena kola xokwe Mozambique @user uni endla yini mara 810dstv	positive
ts_train_00669	@user Akusaka ka ndlama kopitira ku #Collerboxparty ndani ameneyo?	positive
ts_train_00670	Banani MÃ¡ Voko, Assistam In Loko #8ou80EP	positive
ts_train_00671	""@user: @user ğŸ˜‚ğŸ˜‚ğŸ˜‚ğŸ˜‚ğŸ˜‚ pvt""unga ni viajari wena txela nhama lanu	positive
ts_train_00672	Ayo buya anikhoma, aku teka nuku nhicağŸ˜‚ https://t.co/ycHUwlH6lQ	positive
ts_train_00673	leswi ni swi vhonaka mine	positive
ts_train_00674	""Wansati wa ku xonga ku tlhula wene? Animutive minoo?""	positive
ts_train_00675	Aleluia xikwembo xa matimba tlhatteka vhoko dzaku ku Hina vana wakhu hi kombela a matimba yaku	positive
ts_train_00676	@user wow na khensa sesi mhana rivaldo vani khome kahle hi siku ra mina	positive
ts_train_00677	@user @user @user @user Muhaxi lwiya ho hatlisela ngopfu loko a haxa hi wini wakona left or right?	positive
ts_train_00678	@user he uncle miri I birthday ya nwina namutlha?	positive
ts_train_00679	@user wa khala pah	positive
ts_train_00680	"" a xa Lissima Ih Ku Ti Beka Hansi ""	positive
ts_train_00681	@user Auxeneeee Tek, hoyineee ku phukaaa?	positive
ts_train_00682	@user Siku ni Siku	positive
ts_train_00683	@user niku yingiseli nile xokwe Mozambique nilo gaaaa 810dstv @user	positive
ts_train_00684	@user swa kahle leswo	positive
ts_train_00685	@user @user ni khensile nd ntava nayena mundzuku	positive
ts_train_00686	Hi ta kunhemela le titxini ikussa ya ku randza na Hina hÃ¡ kuxuva makhero	positive
ts_train_00687	Wayi vona manica ya nyuwani @user https://t.co/sbhKf3p4Xd	positive
ts_train_00688	Usho wena neh ğŸ˜‚ğŸ˜‚ https://t.co/50xeXtxnNI	positive
ts_train_00689	*a swa lissima ih kuh tibekah hansi*	positive
ts_train_00690	@user @user @user #HHW Sesi byela va malume se vona vata hlamusela papa ku wa kuna dzovolo wa yena	positive
ts_train_00691	Ahiii Loloza male ya Manhembana :D	positive
ts_train_00692	Niku yingiseli nile xokwe Mozambique nilo geee kola hansi ka nsinya wa nkanyi 810dstv @user @user @user	positive
ts_train_00693	Tseka tseka uta ni kuma hi ndlhela https://t.co/Fe2u6iCzfQ	positive
ts_train_00694	@user Definetly GOATS Alexandre Langa - Rosa Maria Pedro Langa - Mamba ya Malepfu Hortencio Langa - Lirandzu	positive
ts_train_00695	MIta kateka loko va mi hlekula, nwina va nge mi bihili miri vana va xikwembu, tsakani hiswiswo hikuva hakelo yanwina mi tayikuma ematilweni	positive
ts_train_00696	Nihinguisela munghana lonene FM ranitsakissa ni lani Maputo - Zimpeto	positive
ts_train_00697	Dzixile, Na Mi Lossa Va Yakelani....â˜€â˜€	positive
ts_train_00698	Ni bom ,ni yetlelile bem ...anhanti wena... hummmm.... (loop). https://t.co/zRMh6a5K5F	positive
ts_train_00699	A makhessemussi nkata ni ma lua de mel hitada xikamwe ungatxavi nkata hikussa sse hi txadile	positive
ts_train_00700	kannimambo, ni tsakÃª swi nene https://t.co/horMgEjcp1	positive
ts_train_00701	Auxene va makwezu.	positive
ts_train_00702	@user Dzixileeeeee, mo hine ku phuka.	positive
ts_train_00703	@user Khanimambo ğŸ™ğŸ¾. Hi yini kupfhuka?	positive
ts_train_00704	""@user: ""@user: Mina a ni tsama ka twitter timaka xkola ğŸ˜‚ğŸ™Œ"" Mine Ani Tsame (...) Himaka* (..) .."" thanks ...	positive
ts_train_00705	Hile ku tlangeni na vanwan @user Praia do Bilene https://t.co/dr0bMicqy6	positive
ts_train_00706	Ya, no Xipamanine https://t.co/nM4LzPhySp	positive
ts_train_00707	Yehova Hi Murussi Wa Mina ğŸ’â¤ @user Marracuene https://t.co/9Eii0awEcE	positive
ts_train_00708	@user Teka famba bro ğŸ˜‹ğŸ˜‚	positive
ts_train_00709	@user @user #HHW don't give up man zama ku mutsunduxa chomi ya wena uku: nikombela uni tlhelisela mali ya mina	positive
ts_train_00710	Ni Pfhuni Ku Tsova, Tsova Tsova ğŸ”¥ GOLD âš¡ï¸ https://t.co/SeqmIfcTgV	positive
ts_train_00711	""A lirandzo ih mensa ni behula Vhata tshemelela inkwafswo fswaku biya"" â¤ï¸	positive
ts_train_00712	#Xiluvaxangaaaa #Mina ni langui wene Top top top ğŸ’ƒ@user bow	positive
ts_train_00713	Moya wanga u ndzunissa Hosi A moya wanga Hosi Hosi Hosi Aku ndunissağŸ’ƒğŸ’ƒğŸ’ƒ	positive
ts_train_00714	Nitafa na wena murandziwa Te amo Te amo Nitafa na wena murandziwa Te amo Te amo #Vibes	positive
ts_train_00715	@user @user @user mara buti Sydney Xikwembu ximu nikile ku hlamusela swilo swi nandzika, wativa ingi ova kwale.	positive
ts_train_00716	Hita khandziya ti bus ta ANC hi mbali swi khipa SWA DA hiya votela EFF @user On the Beach., Bilene Mozambique https://t.co/6beRv1Z025	positive
ts_train_00717	@user Dzixile ho yine ku pfuka?	positive
ts_train_00718	Ni yingiseli @user kola Ka doroba laka CHOKWE @user @user 810 dstv niyo gee na vovo flora mathonsi	positive
ts_train_00719	Uh tah ssala va uhlolo	positive
ts_train_00720	Auxene. Mo yini ku pfuka? #Acredita	positive
ts_train_00721	Ni cizi weni, unga buyi ni taku.. https://t.co/QZ0ODDUY70	positive
ts_train_00722	@user ok a chikwembo cha swi vona	positive
ts_train_00723	@user Vungani ka story ko timve ğŸ˜‚ğŸ˜‚	positive
ts_train_00724	@user @user ni bom Wena ke https://t.co/L9hXLd3s0u	positive
ts_train_00725	@user ğŸ˜‚ğŸ˜‚ğŸ˜‚ğŸ˜‚ I nkarhi wa malamula	positive
ts_train_00726	@user ku hava paito unwani handle ka mina	positive
ts_train_00727	@user mi nga rivali ku happy birthday Eka mina	positive
ts_train_00728	@user @user @user @user ene swi valavula ntiyiso ğŸ˜‚ğŸ˜‚ğŸ˜‚ğŸ˜‚ğŸ˜‚ğŸ˜‚	positive
ts_train_00729	A Pandza wa kho ğŸ•ºğŸ½	positive
ts_train_00730	Ni xisela Wena #Njovo https://t.co/5NtqzMvOYU	positive
ts_train_00731	Ni rungula my love nthabiseng mashaba ka xokwe @user ka xingange niheta hi sivari Vicente sambo a putfontein @user	positive
ts_train_00732	Ni pfukile kwatsi. https://t.co/5YvWG5AQLG	positive
ts_train_00733	Mamana wa bebe	positive
ts_train_00734	Mawako...muito nice ih https://t.co/ok6K69W6Ms	positive
ts_train_00735	Rirandu ari danisi loku wanuna akari akuranda naloku wansati aku randa aswisangi swi danisa https://t.co/mmMystU9xl	positive
ts_train_00736	@user Mina nile ntirhweni la Mozambique ka Khubu	positive
ts_train_00737	@user @user ğŸ˜‚ğŸ˜‚ğŸ˜‚ğŸ˜‚ğŸ˜‚ğŸ˜‚ğŸ˜‚ Ina marha ya mina yi famba mahlweni hiti cup masiku lawa	positive
ts_train_00738	@user @user â€œYa Maning, ya Maning, ya Maning...â€	positive
ts_train_00739	@user @user #HHW zama kuti hlanganisa na yena chomi ya wena face to face unwi tsunduxa hi xikweleti don't give up	positive
ts_train_00740	Kkkklk ni kombela uni sendela ka whatsup https://t.co/31H5ghj4G4	positive
ts_train_00741	U tah yi phuza impala ğŸ˜¢ https://t.co/wVKS8CYJrj	positive
ts_train_00742	Buya lenu niku dondzissa ğŸ’ğŸ½â€â™‚ï¸ https://t.co/eGbk1ROpXy	positive
ts_train_00743	Pooora gramo mng de Mathapa pah foooodaz. Patsa Ni ma hanti	positive
ts_train_00744	@user loko dj @user momu siya yexe sikurinwe lani ka @user vangarikona @user na @user na buti @user anga swihaxa hkwaswo loyi wa dj atlhela abala nitilhoko mhaka ta mahungoğŸ˜‚ğŸ˜‚ğŸ˜‚ğŸ˜‚ğŸ˜‚ğŸ˜‚ğŸ˜‚	positive
ts_train_00745	@user @user ğŸ˜‚ğŸ˜‚ğŸ˜‚ğŸ˜‚ğŸ˜‚ğŸ˜‚ mita phaka draw Ku tava lucky	positive
ts_train_00746	@user awuxeni va haxi va mina va nduma mina nipfukile nho dja mpungu ni lava akuya dsundzisa aritiwa ramina nihlaula amudji watimali @user @user @user @user @user @user	positive
ts_train_00747	Nifile ih wena	positive
ts_train_00748	A ku khala ğŸ‘€... Ama saudade ğŸ˜¿ğŸ™Œ https://t.co/qNXu569sIr	positive
ts_train_00749	@user Auxeni Madala U bom.	positive
ts_train_00750	@user Na hanya. Ho yini?	positive
ts_train_00751	@user Ni pfhukile. Khanimambo.	positive
ts_train_00752	ğŸ˜¹ğŸ˜¹ğŸ˜¹ğŸ˜¹ ih fswona ndwena, A ciku para vhaku biya dzi ta tlassa https://t.co/QU3IxsVMFP	positive
ts_train_00753	Maningue ğŸ˜‚ğŸ˜‚ğŸ˜‚ Khanimambo. U pfhukile? https://t.co/YnddeunDo8	positive
ts_train_00754	Ha tsovela kola chokwe Mozambique ni khensa mufundisi @user	positive
ts_train_00755	@user Na hanya. Aswina ku kazata. Khanimambo	positive
ts_train_00756	Nami hoyozela vahaxi vamina va migingiriko na tsemba swaku muyetlhele kalhe ami bedweniğŸ˜‚ğŸ˜‚ğŸ˜‚loko mu suka kağŸ‘‰ @user toloğŸ™ˆ @user @user @user @user @user	positive
ts_train_00757	Bom tarde matxaka ya minağŸ™‹ğŸ»â€â™€ï¸ğŸ‡²ğŸ‡¿ğŸ‡²ğŸ‡¿maputo https://t.co/KC4sunCCpO	positive
ts_train_00758	Ni sungulekile khale mfana ğŸ˜‚ https://t.co/RF4mIqAL3j	positive
ts_train_00759	@user @user Ka dlhiwa maleğŸ˜‹ğŸ˜‹	positive
ts_train_00760	@user @user mina nitsakile swinene Gingirikani munu wa tshitsha	positive
ts_train_00761	@user @user Ni ta pimissa	positive
ts_train_00762	Ni huma na marhama hey , khensa nsati wa mina wani hlayisa xem â¤â¤â¤â¤â¤ https://t.co/FbbebjwNR2	positive
ts_train_00763	@user niku yingiseli nile xokwe Mozambique 810dstv	positive
ts_train_00764	A xinkwa lexi xa le missaveni u ndzuluti we Tatana hakukombelağŸ’ƒğŸ’ƒğŸ’ƒ Lililili	positive
ts_train_00765	@user @user A ni guenti ğŸ˜¹	positive
ts_train_00766	Ni yingiseli wena sesi khensi na cc bongi nile xokwe Mozambique 810dstv @user @user @user @user	positive
ts_train_00767	@user Hewa ya Oxygen ğŸ˜	positive
ts_train_00768	Ni humule ha hombe muzandziwa ğŸŒŠğŸŒŠ https://t.co/mVk1ZZYi9y	positive
ts_train_00769	""@user: Auxeni, inlhikani,li xile, ku ndjani, unga ni nhenhentsi, ni bihile, u shonguile, wa nunwa, a ni pfukanga kwatsi.""ğŸ˜¹ğŸ˜¹ğŸ˜¹ğŸ™ˆğŸ™‰ğŸ™Š	positive
ts_train_00770	namunthla mu ta nitwa... @user	positive
ts_train_00771	@user @user @user mara tinsimo ta xitsonga ta tsakisa niku yingiseli nile xokwe Mozambique @user	positive
ts_train_00772	Rendes Xikento ihğŸ˜‚ https://t.co/DHwyVLdCzS	positive
ts_train_00773	Mina Ni Randza Wenah X Mexe O Esqueleto #DjAlvinALutaContinua	positive
ts_train_00774	@user @user Hi pfukile anti wena, vÃ¡ hanha kaya?	positive
ts_train_00775	Ni rungula nsati wamina nthabiseng mashaba ka xokwe nwana mina inocente mathonsi na mamani flora mathonsi ka xokwe Mozambique @user	positive
ts_train_00776	@user @user @user #Topic mina vahaxi ani hambanisi swafana na vanhu va hlonge ya mina ntsena i respect kufana na uwani	positive
ts_train_00777	@user sim ğŸ™ˆ Teka famba	positive
ts_train_00778	Ku dliwa salada https://t.co/8RIMJHAhz9	positive
ts_train_00779	@user @user @user @user loko va yi rhanza cricket na	positive
ts_train_00780	@user @user @user #HHW boti tshama na muti wa kokwani. Sesi famba vukatini bya wena	positive
ts_train_00781	Nghoma ya Nghena ma onha mhaka .... a mosambiki va cina hinoooooo #tag Nghena miva rungula @user Moamba, Maputo, Mozambique https://t.co/9hxZgAlJ0D	positive
ts_train_00782	Hibha fotxolo khuza ku huma no lithilu https://t.co/oNxdmdiJOy	positive
ts_train_00783	mina na wena	positive
ts_train_00784	Mr Bow - Ni tafa na wena https://t.co/CKMvkau0OR	positive
ts_train_00785	Txuvuka dzanku logo uya wa kwela kuvuya ka wena hitaku yamukela	positive
ts_train_00786	Cinderela wa mina I love u babe â™ªğŸ’ƒ	positive
ts_train_00787	Auxene. Mo yini kupfuka? #Acredita #CenasÃ€TardeAninam	positive
ts_train_00788	@user Hoyini ku pfuka	positive
ts_train_00789	ni pulukhe, no undla a vana vavano https://t.co/WsPs8PizG8	positive
ts_train_00790	@user Na hanha. NÃ´ scrolaranhana, ni hamba nkama pra niya Studio.	positive
ts_train_00791	Super sweet Sunday ka nsati wamina nthabiseng mashaba ka xokwe nwana mina inocente mamani flora mathonsi ka xokwe @user	positive
ts_train_00792	@user @user ğŸ˜‚ğŸ˜‚ğŸ˜‚ğŸ˜‚ğŸ˜‚ğŸ˜‚i rhandza mina, phela kuza xi rhandza camera hi kola ka mina	positive
ts_train_00793	@user ni bom, a caya kwaco khe?	positive
ts_train_00794	Ni randza nyama https://t.co/Yg4Awwpza6	positive
ts_train_00795	Ah bro ya. ğŸ˜‚ https://t.co/ZemU0cOJDn	positive
ts_train_00796	. wo ai ni:)	positive
ts_train_00797	Unga vhoni ku gwira ni tlhela ni thakula mina khata kambe akuna munwane ane lweyi tsakisaka minouu ğŸµğŸµ	positive
ts_train_00798	Teka Famba @user B.Jardim https://t.co/tgABbLS0FM	positive
ts_train_00799	@user hi pfukili bem Doutor wena ke	positive
ts_train_00800	Teka Famba Ya Man .. Te amo ğŸ˜»	positive
ts_train_00801	Va galhi tiMbatsana kaMarracuene. https://t.co/M1dMpStlM7	positive
ts_train_00802	@user Wena wa tsoga yong	positive
ts_train_00803	@user Ya va dudamel deja la vino tinto vermo	positive
ts_train_00804	A Xikwembo A Xi Ku Katekisse ğŸ™ğŸ™ğŸ™ https://t.co/TjzFkAk9WO	positive
